step,episode,score,length,time
8768,1,90.0,276,0.8154165744781494
9056,2,55.0,285,0.8390817642211914
9984,3,55.0,314,0.9082095623016357
10176,4,60.0,320,0.9281954765319824
10272,5,10.0,323,0.9405102729797363
12000,6,110.0,377,1.0642430782318115
12160,7,155.0,382,1.0787999629974365
12224,8,130.0,384,1.0875635147094727
12864,9,65.0,404,1.1329939365386963
12864,10,55.0,404,1.1329939365386963
13920,11,60.0,437,1.2060754299163818
14400,12,125.0,452,1.2435736656188965
14688,13,120.0,461,1.2652802467346191
15008,14,180.0,471,1.2905583381652832
15072,15,150.0,473,1.299278736114502
15552,16,160.0,488,1.3345603942871094
15872,17,150.0,498,1.3593237400054932
15968,18,180.0,501,1.3699114322662354
16000,19,195.0,502,1.3946526050567627
16032,20,135.0,503,1.4159374237060547
16224,21,135.0,509,1.4327855110168457
16832,22,190.0,528,1.47566819190979
17248,23,120.0,541,1.5068204402923584
18592,24,160.0,583,1.598066806793213
18848,25,140.0,591,1.6184399127960205
19616,26,65.0,297,1.6735846996307373
20032,27,210.0,628,1.7044620513916016
21216,28,80.0,290,1.78731107711792
23008,29,455.0,721,1.9096806049346924
23040,30,260.0,722,1.915283441543579
23168,31,55.0,267,1.9285902976989746
23264,32,105.0,455,1.939093828201294
24576,33,135.0,770,2.0303282737731934
24704,34,115.0,394,2.0436031818389893
25248,35,125.0,479,2.082977533340454
25696,36,280.0,805,2.114530324935913
25792,37,270.0,808,2.125629186630249
26944,38,240.0,844,2.2070064544677734
27520,39,100.0,480,2.2494912147521973
28192,40,60.0,397,2.298367977142334
28544,41,50.0,305,2.3257997035980225
28928,42,110.0,380,2.354161024093628
29216,43,170.0,594,2.3788251876831055
29696,44,140.0,495,2.4187774658203125
31168,45,180.0,480,2.5256574153900146
31488,46,180.0,447,2.5513994693756104
31872,47,240.0,715,2.5799481868743896
32128,48,105.0,380,2.603174924850464
32704,49,120.0,524,2.6642215251922607
33216,50,180.0,590,2.702730894088745
33504,51,135.0,550,2.725450038909912
34496,52,55.0,312,2.7947702407836914
34784,53,185.0,476,2.8181750774383545
36064,54,120.0,466,2.905399799346924
36832,55,90.0,434,2.960325241088867
36928,56,280.0,687,2.9703991413116455
37472,57,185.0,702,3.0113329887390137
37888,58,515.0,784,3.0428295135498047
37920,59,180.0,463,3.049251079559326
38432,60,485.0,801,3.087709426879883
38560,61,15.0,365,3.0999319553375244
39616,62,135.0,468,3.1752214431762695
40576,63,350.0,769,3.2572216987609863
40768,64,155.0,549,3.27561354637146
41312,65,80.0,380,3.3154969215393066
41408,66,150.0,715,3.337665557861328
42368,67,75.0,304,3.4243786334991455
42592,68,65.0,295,3.4417762756347656
43296,69,135.0,549,3.492006301879883
43904,70,185.0,654,3.534065008163452
44448,71,80.0,407,3.57462215423584
44480,72,180.0,488,3.580132007598877
44768,73,265.0,894,3.6022183895111084
45952,74,260.0,635,3.683335065841675
46592,75,95.0,380,3.729365587234497
47104,76,180.0,546,3.767320394515991
47840,77,155.0,523,3.8197314739227295
49632,78,180.0,506,3.941922426223755
50208,79,110.0,387,3.984649896621704
50304,80,60.0,369,3.9949634075164795
51424,81,100.0,455,4.072729587554932
53440,82,35.0,282,4.206248760223389
54144,83,210.0,567,4.257006406784058
54176,84,160.0,699,4.263603448867798
54304,85,80.0,310,4.2746710777282715
54464,86,95.0,436,4.2897255420684814
55296,87,690.0,848,4.346943140029907
55872,88,115.0,577,4.389681100845337
56032,89,310.0,893,4.405470848083496
56256,90,410.0,868,4.4245030879974365
56512,91,115.0,477,4.444097995758057
57088,92,210.0,512,4.485130548477173
57536,93,230.0,713,4.519539833068848
57984,94,285.0,1025,4.5531885623931885
58560,95,250.0,828,4.594974994659424
59584,96,140.0,492,4.668841600418091
59936,97,120.0,581,4.697628736495972
60224,98,155.0,531,4.720876455307007
60704,99,210.0,661,4.756880283355713
60928,100,400.0,721,4.776566505432129
61312,101,240.0,594,4.825218677520752
61952,102,130.0,502,4.871582746505737
62720,103,215.0,631,4.924584865570068
63584,104,155.0,590,4.986464262008667
63616,105,155.0,518,4.9925456047058105
64768,106,105.0,268,5.073983192443848
64832,107,135.0,477,5.082054853439331
65376,108,65.0,375,5.121171712875366
65888,109,35.0,277,5.158455848693848
66496,110,50.0,383,5.201919317245483
66944,111,105.0,392,5.236790418624878
66944,112,100.0,296,5.236790418624878
67360,113,180.0,538,5.26736307144165
67840,114,335.0,921,5.303433418273926
67872,115,560.0,972,5.310521602630615
69632,116,105.0,366,5.428020477294922
69856,117,185.0,729,5.447760581970215
70592,118,155.0,515,5.501804828643799
70784,119,80.0,522,5.51870322227478
70784,120,425.0,642,5.51870322227478
70912,121,100.0,321,5.531711101531982
71200,122,10.0,267,5.555500745773315
73344,123,55.0,421,5.700506687164307
73984,124,125.0,484,5.746743202209473
74432,125,235.0,582,5.780170202255249
75456,126,290.0,753,5.850926637649536
76736,127,270.0,649,5.938175439834595
77088,128,125.0,549,5.9682886600494385
77376,129,60.0,361,5.992858409881592
77632,130,240.0,662,6.014643907546997
77696,131,215.0,702,6.022544860839844
78720,132,65.0,357,6.097286939620972
79136,133,185.0,451,6.12760329246521
79616,134,85.0,503,6.162078142166138
79872,135,110.0,406,6.1832802295684814
80160,136,35.0,295,6.214234113693237
80192,137,35.0,416,6.220238447189331
80672,138,85.0,403,6.256167888641357
80864,139,180.0,503,6.2729172706604
81120,140,180.0,621,6.312280893325806
81440,141,495.0,1052,6.337948560714722
84000,142,360.0,689,6.509113550186157
84576,143,35.0,462,6.550356388092041
84928,144,155.0,480,6.578535795211792
85568,145,210.0,598,6.623183012008667
86016,146,65.0,332,6.655342102050781
86208,147,135.0,480,6.672307729721069
86304,148,80.0,373,6.683358430862427
86656,149,400.0,806,6.7106544971466064
87104,150,210.0,681,6.74456000328064
87136,151,65.0,327,6.750567674636841
87232,152,120.0,516,6.761812448501587
87296,153,155.0,524,6.769257068634033
87904,154,75.0,437,6.813448429107666
88192,155,210.0,533,6.838167905807495
89248,156,435.0,803,6.911278247833252
89632,157,35.0,307,6.940343379974365
90496,158,105.0,325,7.004772424697876
90688,159,35.0,376,7.022205829620361
92672,160,70.0,606,7.157719373703003
93312,161,210.0,797,7.204905271530151
93760,162,50.0,397,7.257298469543457
93888,163,90.0,518,7.27088475227356
94240,164,75.0,293,7.296793460845947
94464,165,45.0,526,7.316267728805542
94464,166,135.0,528,7.316267728805542
95264,167,75.0,452,7.375276565551758
96000,168,120.0,359,7.436387300491333
96256,169,435.0,1128,7.463239431381226
96256,170,105.0,287,7.463239431381226
96384,171,155.0,605,7.476011514663696
97312,172,115.0,537,7.546785116195679
97760,173,40.0,331,7.583185434341431
98144,174,150.0,372,7.614933729171753
99648,175,140.0,595,7.726943492889404
99872,176,70.0,401,7.746253728866577
99936,177,50.0,417,7.754783391952515
100128,178,180.0,506,13.18511700630188
100160,179,90.0,376,13.257802963256836
101472,180,65.0,372,15.761353492736816
101536,181,210.0,630,15.877943754196167
102112,182,90.0,404,16.951631784439087
102368,183,345.0,527,17.42001986503601
102528,184,210.0,718,17.7226824760437
102528,185,140.0,512,17.7226824760437
103648,186,50.0,289,19.75756597518921
105888,187,120.0,477,23.906116485595703
106304,188,175.0,596,24.680185794830322
106880,189,135.0,869,25.736489295959473
107264,190,210.0,607,26.429182767868042
108160,191,155.0,694,28.062267541885376
108192,192,110.0,487,28.12048029899597
108576,193,210.0,567,28.818140506744385
108768,194,85.0,389,29.16724443435669
109920,195,110.0,492,31.33619737625122
110176,196,150.0,511,31.81992244720459
111968,197,130.0,571,35.13736629486084
114240,198,195.0,505,39.30938935279846
114752,199,25.0,397,40.26278281211853
114784,200,180.0,548,40.32394766807556
114784,201,345.0,673,40.32394766807556
114816,202,175.0,638,40.3842134475708
115520,203,65.0,498,41.67770075798035
115712,204,125.0,641,42.02193307876587
115872,205,95.0,502,42.306307554244995
116160,206,45.0,459,42.83885908126831
116768,207,30.0,258,43.92354130744934
117248,208,60.0,357,44.82609558105469
117952,209,30.0,366,46.107600927352905
118752,210,95.0,509,47.58117866516113
120992,211,225.0,783,51.74669861793518
121344,212,5.0,295,52.38302135467529
122048,213,255.0,808,53.68073868751526
122208,214,55.0,440,53.980745792388916
122272,215,240.0,694,54.10142517089844
122816,216,190.0,832,55.087199687957764
122848,217,60.0,406,55.145756244659424
123104,218,180.0,678,55.608298778533936
123488,219,205.0,738,56.30089521408081
123744,220,40.0,283,56.75891590118408
124192,221,195.0,753,57.56332540512085
124256,222,70.0,505,57.678999185562134
124928,223,90.0,507,58.887850284576416
124928,224,390.0,851,58.887850284576416
126816,225,50.0,378,62.281524896621704
128032,226,80.0,292,64.39762425422668
128160,227,185.0,564,64.62448024749756
128768,228,275.0,686,65.68153142929077
128928,229,235.0,792,65.96103596687317
129920,230,330.0,863,67.68929648399353
129952,231,60.0,453,67.74674201011658
132000,232,255.0,557,71.2997043132782
132352,233,500.0,786,71.91125774383545
133152,234,115.0,576,73.30276322364807
133440,235,45.0,333,73.80122828483582
135456,236,200.0,586,77.3070957660675
135712,237,100.0,376,77.75907039642334
136320,238,220.0,481,78.81929159164429
137088,239,135.0,467,80.17358613014221
137376,240,110.0,503,80.68036532402039
138272,241,85.0,485,82.26686882972717
139200,242,180.0,505,83.91380524635315
139360,243,165.0,498,84.19840407371521
139584,244,235.0,743,84.59550666809082
140064,245,55.0,254,85.444002866745
140320,246,160.0,723,85.89012002944946
140960,247,435.0,777,87.00254440307617
141120,248,70.0,352,87.28093266487122
141312,249,150.0,537,87.61719369888306
141984,250,90.0,476,88.78321957588196
142016,251,545.0,824,88.83922934532166
142752,252,240.0,875,90.12376832962036
143648,253,650.0,1287,91.6805169582367
143680,254,545.0,806,91.73520231246948
143744,255,145.0,680,91.84852409362793
146528,256,170.0,677,96.68176412582397
146912,257,285.0,689,97.34750485420227
146944,258,115.0,593,97.40510606765747
147392,259,205.0,603,98.18033385276794
148480,260,120.0,472,100.06479597091675
148768,261,105.0,515,100.56496930122375
149440,262,175.0,611,101.73324537277222
149824,263,115.0,523,102.39972186088562
150016,264,245.0,807,102.73475122451782
150528,265,80.0,385,103.62575364112854
151456,266,35.0,297,105.24517321586609
152288,267,30.0,411,106.69335198402405
152512,268,140.0,527,107.09437823295593
152544,269,110.0,509,107.15083694458008
153216,270,105.0,435,108.34612679481506
153472,271,110.0,436,108.79929375648499
153472,272,155.0,514,108.79929375648499
153568,273,105.0,396,108.96911287307739
155232,274,145.0,468,111.92217898368835
156352,275,65.0,296,113.90897679328918
157504,276,105.0,463,115.94866561889648
158272,277,135.0,532,117.30867338180542
158688,278,530.0,932,118.04968047142029
159552,279,435.0,1167,119.58650660514832
160256,280,140.0,518,120.84913372993469
160704,281,155.0,535,121.64949822425842
164160,282,90.0,366,127.80125617980957
164192,283,360.0,900,127.85896372795105
164352,284,265.0,532,128.14574027061462
165280,285,215.0,730,129.78804802894592
165312,286,390.0,1144,129.84584498405457
165824,287,100.0,388,130.75249576568604
165856,288,200.0,426,130.8100392818451
166176,289,130.0,525,131.37916016578674
167264,290,285.0,541,133.30986285209656
167360,291,200.0,855,133.48218393325806
167424,292,80.0,275,133.59690022468567
168128,293,250.0,616,134.84456658363342
168416,294,160.0,477,135.3564898967743
168448,295,440.0,973,135.41635084152222
168736,296,155.0,479,135.92495846748352
168800,297,245.0,544,136.0388629436493
169280,298,360.0,802,136.89148449897766
169504,299,250.0,595,137.2890112400055
169568,300,140.0,355,137.40448880195618
170176,301,265.0,910,138.49295687675476
171488,302,575.0,770,140.83324527740479
171712,303,230.0,517,141.2336459159851
171712,304,170.0,482,141.2336459159851
171744,305,245.0,602,141.29063868522644
172576,306,535.0,816,142.77466940879822
173056,307,160.0,488,143.63316416740417
173184,308,105.0,615,143.8626048564911
173984,309,115.0,453,145.294527053833
174016,310,70.0,274,145.35238552093506
175104,311,165.0,466,147.2882080078125
177056,312,410.0,853,150.76669001579285
178080,313,165.0,384,152.5927712917328
179008,314,335.0,947,154.24148845672607
180032,315,130.0,364,156.0765299797058
180576,316,85.0,346,157.04737639427185
181280,317,125.0,440,158.3080596923828
181984,318,225.0,426,159.56522703170776
182176,319,355.0,673,159.91103291511536
182688,320,405.0,575,160.81995582580566
184320,321,215.0,580,163.74656772613525
184512,322,260.0,493,164.09406995773315
184576,323,235.0,577,164.2084403038025
185920,324,200.0,681,166.60529470443726
186304,325,220.0,457,167.2896282672882
186592,326,240.0,668,167.80301690101624
186720,327,185.0,605,168.02821922302246
186752,328,170.0,472,168.08514857292175
187072,329,175.0,489,168.64931845664978
187840,330,230.0,464,170.01701545715332
187968,331,205.0,646,170.2441303730011
188032,332,365.0,624,170.35800957679749
188544,333,255.0,597,171.26226210594177
188832,334,110.0,431,171.79982805252075
189216,335,265.0,785,172.48790001869202
189664,336,185.0,517,173.28119683265686
190752,337,375.0,690,175.22023487091064
191456,338,365.0,695,176.47194504737854
191712,339,65.0,428,176.9255073070526
192064,340,155.0,361,177.55550527572632
194912,341,280.0,727,182.6427357196808
195040,342,190.0,471,182.87041687965393
195904,343,290.0,591,184.4014642238617
196544,344,495.0,826,185.5384464263916
196832,345,170.0,385,186.05011200904846
197120,346,85.0,402,186.56295561790466
198528,347,765.0,813,189.06245732307434
199872,348,185.0,413,191.449565410614
199936,349,145.0,484,191.56343150138855
200288,350,195.0,552,192.19489693641663
200416,351,205.0,443,192.42702293395996
201472,352,145.0,467,194.303391456604
201696,353,110.0,469,194.70563316345215
201952,354,310.0,648,195.15887784957886
202240,355,335.0,727,195.67051196098328
202496,356,195.0,417,196.12619042396545
203328,357,235.0,455,197.61042976379395
204160,358,880.0,945,199.09208273887634
204640,359,135.0,470,199.9489562511444
205632,360,480.0,990,201.70582556724548
207360,361,390.0,672,204.76839923858643
207456,362,310.0,609,204.93847513198853
208544,363,335.0,672,206.86620044708252
209984,364,245.0,473,209.41766095161438
210016,365,320.0,691,209.47686171531677
210464,366,655.0,892,210.27823281288147
211360,367,400.0,605,211.8700294494629
211904,368,415.0,931,212.83851075172424
213824,369,230.0,524,216.24690580368042
214336,370,400.0,709,217.1544816493988
214336,371,445.0,830,217.1544816493988
215616,372,390.0,779,219.42413210868835
216160,373,250.0,606,220.39099287986755
216704,374,140.0,463,221.35288000106812
217248,375,410.0,696,222.317729473114
217536,376,140.0,374,222.8294141292572
217856,377,195.0,547,223.39531707763672
218496,378,255.0,626,224.5281159877777
219744,379,230.0,549,226.73520851135254
220512,380,485.0,1001,228.10539937019348
220544,381,245.0,499,228.16311192512512
221280,382,175.0,434,229.46787762641907
222464,383,230.0,574,231.57085275650024
222624,384,645.0,817,231.85839414596558
223904,385,700.0,1016,234.12934398651123
224032,386,340.0,744,234.35761499404907
224096,387,220.0,442,234.47238612174988
224512,388,235.0,538,235.21450972557068
224800,389,575.0,905,235.7251946926117
224832,390,165.0,406,235.78319001197815
225216,391,225.0,523,236.46631741523743
226752,392,430.0,842,239.18532514572144
228832,393,135.0,364,242.87601685523987
229152,394,290.0,481,243.4464373588562
229216,395,270.0,467,243.5594358444214
229312,396,170.0,396,243.7306752204895
229472,397,465.0,877,244.01318168640137
229504,398,510.0,820,244.07052850723267
230304,399,185.0,501,245.50617909431458
230784,400,510.0,609,246.36556768417358
232064,401,115.0,297,248.65048813819885
232256,402,495.0,1012,248.99176478385925
234560,403,600.0,1029,253.09675669670105
234944,404,520.0,1016,253.78158497810364
236864,405,170.0,401,257.19196343421936
236928,406,465.0,829,257.3074457645416
237024,407,290.0,518,257.48145055770874
237888,408,285.0,544,259.0103647708893
240512,409,180.0,355,263.68216848373413
242080,410,455.0,829,266.4711196422577
242496,411,525.0,713,267.22230410575867
242592,412,185.0,371,267.39427280426025
243968,413,370.0,674,269.8402090072632
245344,414,520.0,668,272.2832453250885
245376,415,275.0,473,272.34091567993164
245536,416,460.0,867,272.6272232532501
245664,417,600.0,924,272.8564615249634
246048,418,495.0,863,273.53672456741333
246080,419,685.0,777,273.5955801010132
247168,420,980.0,1164,275.52266454696655
249376,421,545.0,997,279.44288063049316
250496,422,640.0,679,286.99706387519836
250816,423,545.0,843,287.5710470676422
251296,424,545.0,839,288.42387104034424
252128,425,265.0,551,289.90653896331787
252192,426,725.0,857,290.0205934047699
252448,427,770.0,804,290.47724533081055
252544,428,415.0,636,290.64897084236145
253184,429,720.0,889,291.8055429458618
253280,430,600.0,879,291.978946685791
254656,431,490.0,799,294.4180676937103
254912,432,545.0,795,294.87692856788635
255040,433,225.0,456,295.10524439811707
255200,434,715.0,806,295.38945508003235
256864,435,540.0,862,298.3482189178467
258880,436,740.0,840,301.94167017936707
259168,437,150.0,424,302.4538984298706
261344,438,480.0,734,306.388756275177
261536,439,545.0,772,306.73366832733154
263168,440,545.0,820,309.6459608078003
265984,441,515.0,972,314.7139501571655
266912,442,500.0,936,316.3927721977234
267136,443,545.0,783,316.7998523712158
269248,444,540.0,835,320.6355800628662
269440,445,500.0,797,320.9781701564789
270688,446,570.0,769,323.2272734642029
270816,447,575.0,791,323.4594783782959
271200,448,515.0,808,324.15730476379395
272224,449,540.0,931,326.01158690452576
274208,450,685.0,903,329.6223397254944
274976,451,600.0,870,331.0107469558716
276224,452,745.0,841,333.27272939682007
276832,453,545.0,824,334.3786253929138
277952,454,510.0,808,336.4192159175873
278304,455,745.0,1010,337.05853724479675
278432,456,410.0,791,337.29255747795105
278784,457,570.0,875,337.9317560195923
280128,458,575.0,866,340.3701241016388
280192,459,500.0,729,340.4876546859741
280192,460,545.0,877,340.4876546859741
280256,461,545.0,843,340.60346817970276
282144,462,570.0,847,344.0607557296753
283200,463,545.0,751,345.9863829612732
283904,464,800.0,914,347.2636766433716
283936,465,600.0,898,347.3237769603729
285056,466,600.0,944,349.33682346343994
285632,467,770.0,836,350.36834621429443
286112,468,395.0,630,351.2224016189575
287200,469,545.0,808,353.1697039604187
288288,470,600.0,1119,355.1092691421509
289696,471,745.0,829,357.62569308280945
291936,472,600.0,775,361.64864349365234
292672,473,325.0,516,362.9703984260559
293696,474,545.0,715,364.8062951564789
296544,475,575.0,792,369.8823983669281
296576,476,540.0,699,369.93876671791077
298720,477,800.0,877,373.73530292510986
300672,478,600.0,889,377.2234196662903
301760,479,740.0,744,379.164767742157
302368,480,605.0,856,380.25732707977295
302912,481,870.0,769,381.23246121406555
303776,482,545.0,792,382.7812464237213
305696,483,545.0,797,386.210000038147
306560,484,605.0,824,387.7531418800354
306656,485,575.0,826,387.92505145072937
306752,486,695.0,770,388.09710812568665
307712,487,545.0,744,389.81114983558655
308768,488,575.0,799,391.6979215145111
311168,489,545.0,783,396.01641845703125
311360,490,980.0,1879,396.36341094970703
311680,491,500.0,815,396.9427864551544
312288,492,725.0,750,398.0372896194458
312608,493,550.0,795,398.6121106147766
313088,494,905.0,1364,399.4693570137024
315744,495,545.0,744,404.2124545574188
317632,496,575.0,874,407.55852007865906
318016,497,410.0,603,408.2258641719818
318336,498,570.0,803,408.7792673110962
319488,499,1025.0,1572,410.779096364975
320320,500,745.0,742,412.2473840713501
320544,501,710.0,1265,412.637286901474
323104,502,800.0,920,417.08539175987244
323136,503,545.0,632,417.14103603363037
325792,504,1570.0,2009,421.7443776130676
326144,505,540.0,762,422.3561873435974
326240,506,945.0,1484,422.52465534210205
328032,507,1075.0,1911,425.6257767677307
328672,508,575.0,691,426.7349123954773
329024,509,600.0,789,427.35031485557556
330336,510,745.0,740,429.6377923488617
330432,511,570.0,932,429.80526781082153
330880,512,600.0,787,430.58468198776245
331456,513,800.0,1091,431.5822129249573
331520,514,745.0,744,431.6944913864136
332608,515,540.0,808,433.5915598869324
333824,516,575.0,784,435.7067174911499
334336,517,1230.0,1799,436.5958113670349
334656,518,545.0,728,437.151061296463
334880,519,570.0,696,437.5405738353729
335136,520,600.0,733,437.9866237640381
335680,521,800.0,766,438.9321753978729
338592,522,745.0,714,444.0369522571564
342208,523,935.0,1824,450.4512243270874
342880,524,545.0,731,451.6473870277405
343328,525,525.0,712,452.4467260837555
343360,526,1125.0,1824,452.5050241947174
344480,527,515.0,817,454.49761414527893
346176,528,770.0,721,457.5257308483124
347392,529,885.0,1409,459.69376134872437
348384,530,600.0,789,461.4191048145294
349408,531,545.0,739,463.21131229400635
350336,532,545.0,753,464.8636393547058
351168,533,545.0,703,466.3525712490082
351200,534,575.0,724,466.4102101325989
351648,535,545.0,707,467.21521949768066
351968,536,770.0,676,467.7867727279663
353312,537,545.0,702,470.18208384513855
353760,538,500.0,697,470.9803030490875
356256,539,575.0,701,475.85397124290466
357792,540,545.0,733,478.76113414764404
358432,541,600.0,807,479.9304928779602
358464,542,470.0,737,479.99297738075256
359616,543,600.0,780,482.4210915565491
360192,544,575.0,783,483.64012384414673
360576,545,570.0,687,484.6699597835541
361248,546,600.0,963,485.8995680809021
362848,547,855.0,1402,488.78805589675903
367648,548,600.0,795,497.8557252883911
368032,549,545.0,683,498.6025698184967
368064,550,1020.0,1743,498.6640582084656
368320,551,715.0,795,499.171746969223
368576,552,745.0,753,499.6804344654083
369120,553,975.0,1611,500.7627968788147
369664,554,785.0,824,501.83720302581787
370176,555,545.0,712,502.8491897583008
370176,556,1555.0,1786,502.8491897583008
370816,557,600.0,858,504.1287350654602
372896,558,885.0,1293,508.18291568756104
374432,559,975.0,753,511.0923185348511
374720,560,545.0,669,511.6454622745514
375424,561,600.0,845,512.963711977005
376512,562,550.0,792,514.978973865509
376928,563,800.0,790,515.7563514709473
377088,564,545.0,865,516.0524020195007
377824,565,1145.0,1615,517.4928181171417
378144,566,670.0,819,518.0869719982147
378304,567,600.0,847,518.387894153595
380608,568,1385.0,1884,522.746593952179
380736,569,495.0,697,523.0063903331757
382208,570,970.0,811,525.7030017375946
382496,571,545.0,715,526.2185409069061
383712,572,510.0,736,528.4592487812042
384032,573,575.0,820,529.0718338489532
384672,574,545.0,753,530.2420506477356
386496,575,600.0,789,533.6078433990479
387840,576,540.0,781,536.0169911384583
388128,577,800.0,927,536.5521836280823
388800,578,1300.0,1661,537.7778525352478
390112,579,545.0,639,540.1703736782074
390528,580,510.0,669,540.94859623909
390880,581,770.0,726,541.598272562027
391680,582,525.0,740,543.0498697757721
391968,583,515.0,731,543.559499502182
392480,584,745.0,763,544.5085752010345
393696,585,860.0,1248,546.6569221019745
394688,586,805.0,681,548.4349346160889
396032,587,600.0,788,550.8554220199585
396864,588,545.0,618,552.360847234726
396992,589,575.0,838,552.5898196697235
398496,590,545.0,721,555.2458131313324
399328,591,500.0,713,556.7152252197266
399392,592,1000.0,664,556.8272664546967
400160,593,570.0,683,558.1891086101532
400288,594,570.0,799,558.4162487983704
401728,595,545.0,747,561.0757641792297
402624,596,575.0,803,562.6689245700836
405504,597,745.0,774,567.859486579895
405664,598,945.0,724,568.1874167919159
406240,599,540.0,694,569.2908408641815
407264,600,600.0,783,571.1829149723053
408000,601,495.0,729,572.5256597995758
411936,602,600.0,795,579.5172367095947
411936,603,1025.0,1363,579.5172367095947
412160,604,570.0,689,579.9101700782776
413216,605,970.0,763,581.7511613368988
413248,606,545.0,699,581.8073534965515
414080,607,570.0,691,583.3092408180237
414272,608,515.0,817,583.6538827419281
414368,609,600.0,829,583.8218035697937
414464,610,520.0,712,583.9913876056671
414528,611,570.0,689,584.1050541400909
414880,612,570.0,975,584.8204667568207
415104,613,550.0,669,585.3510179519653
415936,614,600.0,794,587.2883696556091
417568,615,545.0,715,590.6756892204285
418528,616,805.0,703,592.5370140075684
419424,617,745.0,705,594.4454374313354
421216,618,1055.0,1462,603.1970262527466
422880,619,1015.0,1648,611.3579471111298
423008,620,600.0,740,611.5936074256897
423776,621,740.0,689,612.9412665367126
424800,622,600.0,822,615.7239515781403
425856,623,545.0,803,618.4499607086182
425920,624,800.0,829,618.5757296085358
425984,625,740.0,803,618.7039291858673
428480,626,570.0,714,623.2314033508301
429152,627,740.0,739,627.6664793491364
431328,628,1500.0,1586,635.1497046947479
431744,629,600.0,797,636.2805416584015
432960,630,575.0,803,638.4964847564697
434080,631,600.0,815,640.4756231307983
435104,632,570.0,717,642.2665643692017
438144,633,570.0,780,647.5731027126312
438944,634,570.0,763,648.9746534824371
439104,635,500.0,673,649.2547335624695
439264,636,600.0,778,649.5384752750397
439552,637,600.0,738,650.0445439815521
440160,638,975.0,883,651.1128928661346
440864,639,570.0,831,652.3456711769104
441088,640,600.0,911,652.7392888069153
441312,641,600.0,852,653.1277928352356
442912,642,800.0,869,655.9503128528595
444192,643,570.0,662,658.1724436283112
447808,644,570.0,831,664.4763009548187
449056,645,1430.0,1627,666.6677210330963
449664,646,605.0,742,667.7323381900787
450048,647,600.0,752,668.3991949558258
450720,648,600.0,810,669.5686573982239
452960,649,570.0,744,673.6277105808258
452960,650,740.0,847,673.6277105808258
453152,651,570.0,669,673.9850564002991
453312,652,570.0,776,674.2914102077484
457664,653,1205.0,1720,682.08913397789
459424,654,600.0,760,685.1540732383728
459904,655,540.0,842,685.9832060337067
461120,656,600.0,718,688.148672580719
461536,657,1275.0,1509,688.867547750473
463808,658,540.0,710,692.826717376709
463936,659,540.0,721,693.0497052669525
464704,660,600.0,787,694.3758563995361
466112,661,600.0,775,696.845803976059
466912,662,575.0,874,698.233494758606
468032,663,1290.0,1661,700.1790933609009
468256,664,540.0,792,700.5656087398529
468608,665,1095.0,1537,701.1721725463867
468928,666,1175.0,1702,701.7255465984344
470592,667,810.0,642,704.651805639267
470784,668,1130.0,1498,705.0032308101654
470976,669,1125.0,1475,705.3375480175018
472192,670,545.0,723,707.4726700782776
472512,671,570.0,714,708.0293395519257
473024,672,1230.0,1703,708.9474630355835
475808,673,545.0,703,713.7783432006836
476224,674,600.0,797,714.5006008148193
477472,675,600.0,766,716.663378238678
477504,676,570.0,767,716.7196187973022
477824,677,600.0,771,717.2724993228912
481024,678,1350.0,1467,722.8804893493652
482688,679,600.0,727,725.7612664699554
482976,680,1070.0,1614,726.2586693763733
484512,681,545.0,731,728.9167017936707
484704,682,750.0,653,729.248833656311
484736,683,570.0,776,729.3034870624542
485632,684,600.0,874,730.8631167411804
487424,685,600.0,710,733.9520924091339
488992,686,570.0,715,736.653795003891
489120,687,575.0,787,736.8748247623444
489280,688,575.0,657,737.1508364677429
489280,689,540.0,699,737.1508364677429
491200,690,770.0,696,740.5361084938049
493504,691,1205.0,1428,744.518483877182
493728,692,1155.0,1707,744.9086616039276
494944,693,600.0,841,747.015926361084
496672,694,600.0,809,750.0002772808075
496672,695,600.0,765,750.0002772808075
496704,696,775.0,804,750.0564754009247
497984,697,800.0,918,752.2596576213837
498432,698,800.0,810,753.039617061615
499072,699,525.0,814,754.1471326351166
500032,700,570.0,694,764.5682916641235
500672,701,870.0,1223,765.8149945735931
500736,702,800.0,726,765.9264008998871
501216,703,1200.0,1783,766.7625489234924
501536,704,545.0,641,767.3196384906769
503776,705,600.0,861,771.2156732082367
503872,706,2060.0,2019,771.383318901062
504448,707,600.0,843,772.3874292373657
506592,708,600.0,962,776.121506690979
508864,709,600.0,755,780.0745992660522
510048,710,545.0,707,782.140025138855
510496,711,800.0,663,782.9460017681122
513376,712,600.0,895,787.9785192012787
515584,713,600.0,822,791.8163149356842
515808,714,495.0,769,792.204657793045
516000,715,570.0,696,792.543359041214
516896,716,745.0,731,794.0954530239105
518464,717,600.0,680,796.8512432575226
518816,718,575.0,651,797.468240737915
520032,719,600.0,971,799.6030473709106
521600,720,800.0,779,802.4052684307098
522656,721,600.0,757,804.2501595020294
522688,722,1105.0,1629,804.3054220676422
524608,723,800.0,798,807.691034078598
525632,724,600.0,683,809.4642133712769
525824,725,610.0,787,809.7976891994476
527488,726,570.0,837,812.6859526634216
527648,727,545.0,826,812.9612925052643
528224,728,600.0,881,813.9632308483124
529856,729,570.0,794,816.7906489372253
530592,730,550.0,628,818.0720002651215
530688,731,540.0,754,818.2393047809601
531040,732,600.0,849,818.8497142791748
532672,733,575.0,744,821.6752121448517
532896,734,1335.0,1512,822.0634398460388
533088,735,1375.0,1566,822.3939483165741
534912,736,1185.0,1633,825.5525887012482
537216,737,1285.0,1612,829.5478591918945
537760,738,575.0,762,830.4916818141937
538368,739,575.0,712,831.5463316440582
541824,740,800.0,813,837.5433633327484
541856,741,2245.0,3179,837.5999827384949
541952,742,1230.0,1651,837.766717672348
542528,743,600.0,703,838.7660789489746
544448,744,575.0,680,842.0916984081268
544512,745,770.0,803,842.2039487361908
545088,746,600.0,910,843.202981710434
546688,747,1205.0,1563,845.9799959659576
548320,748,740.0,628,848.8130531311035
548704,749,570.0,945,849.4810609817505
549216,750,600.0,769,850.3729424476624
550560,751,1775.0,1738,852.77543592453
550944,752,575.0,733,853.4614381790161
551264,753,575.0,669,854.0386164188385
551584,754,570.0,904,854.6135640144348
552032,755,545.0,605,855.4201889038086
552192,756,850.0,1317,855.7069313526154
553088,757,600.0,858,857.3112678527832
554240,758,605.0,831,859.3741064071655
556832,759,605.0,742,864.011397600174
558304,760,600.0,794,866.648099899292
558464,761,1430.0,1779,866.9338707923889
560384,762,600.0,688,870.3761191368103
561216,763,545.0,822,871.8645148277283
561600,764,575.0,762,872.5550303459167
561920,765,570.0,755,873.1272611618042
564896,766,800.0,717,878.4434638023376
565120,767,540.0,728,878.8417294025421
566432,768,570.0,667,881.1857948303223
567008,769,600.0,786,882.2167823314667
568512,770,600.0,813,884.9035813808441
569888,771,570.0,795,887.3841474056244
571200,772,770.0,703,889.7518963813782
571712,773,1075.0,1285,890.669132232666
572608,774,1125.0,1741,892.2729058265686
573408,775,600.0,682,893.7079982757568
573792,776,745.0,675,894.3946661949158
575232,777,1385.0,1676,896.9800336360931
575488,778,745.0,733,897.4426476955414
576032,779,600.0,774,898.4216101169586
576544,780,800.0,800,899.3410861492157
577920,781,1265.0,1628,901.7396879196167
578112,782,570.0,619,902.0777630805969
578304,783,1205.0,1488,902.4178850650787
579584,784,575.0,792,904.6375849246979
581664,785,600.0,776,908.2479906082153
582336,786,1000.0,993,909.4115397930145
582528,787,540.0,692,909.7477331161499
583232,788,1335.0,1632,910.9660637378693
583392,789,570.0,779,911.2424046993256
585184,790,540.0,749,914.3467123508453
586528,791,600.0,769,916.6704514026642
589408,792,600.0,869,921.6570541858673
590624,793,770.0,691,923.7729740142822
591552,794,600.0,767,925.3782062530518
592192,795,1040.0,1490,926.4899234771729
594144,796,600.0,866,929.8728125095367
594304,797,800.0,706,930.1497747898102
595232,798,545.0,707,931.7535026073456
596704,799,570.0,987,934.307665348053
597632,800,570.0,692,935.9147906303406
597952,801,980.0,1551,936.4675235748291
598592,802,740.0,730,937.5796279907227
599488,803,600.0,717,939.1369922161102
599552,804,1175.0,1652,939.248925447464
600256,805,545.0,692,940.4767577648163
600320,806,800.0,841,940.5881688594818
600960,807,600.0,849,941.7017529010773
602848,808,605.0,779,944.9797599315643
603008,809,600.0,732,945.2575922012329
603264,810,600.0,676,945.7012128829956
603776,811,600.0,796,946.5864179134369
604000,812,1145.0,1592,946.9719619750977
604832,813,1180.0,1738,948.4156177043915
604896,814,770.0,699,948.5267026424408
605952,815,600.0,649,950.3506157398224
606528,816,575.0,756,951.3440194129944
610304,817,600.0,841,957.9916424751282
611104,818,875.0,1288,959.419029712677
613536,819,600.0,754,963.7602965831757
615040,820,1375.0,1567,966.4419610500336
619936,821,970.0,806,975.1352071762085
621888,822,540.0,728,978.5207543373108
622048,823,600.0,792,978.800351858139
622048,824,575.0,600,978.800351858139
622336,825,600.0,762,979.303544998169
622592,826,600.0,855,979.7481033802032
622592,827,1185.0,1606,979.7491028308868
623328,828,545.0,721,981.0220329761505
624896,829,600.0,853,983.7604846954346
625888,830,800.0,799,985.4796116352081
627264,831,800.0,734,987.8647029399872
627488,832,540.0,765,988.251921415329
627616,833,570.0,712,988.4720199108124
627936,834,1315.0,1622,989.0269811153412
630592,835,540.0,854,993.6344854831696
630848,836,600.0,811,994.0773310661316
631680,837,575.0,866,995.5276472568512
631712,838,545.0,669,995.5830869674683
651008,839,570.0,586,1001.8554112911224
651968,840,570.0,616,1002.099835395813
652768,841,545.0,641,1002.3017024993896
653056,842,570.0,650,1002.3826959133148
654112,843,540.0,683,1002.6452357769012
654304,844,540.0,689,1002.6962513923645
654464,845,570.0,694,1002.7392036914825
654976,846,570.0,710,1002.8698356151581
655200,847,600.0,717,1002.9274575710297
655264,848,545.0,720,1002.9472501277924
655648,849,515.0,731,1003.046582698822
655648,850,545.0,731,1003.046582698822
655936,851,600.0,740,1003.1217458248138
655968,852,600.0,741,1003.1339383125305
656352,853,570.0,754,1003.2338919639587
656576,854,600.0,760,1003.2912783622742
656928,855,600.0,771,1003.3832695484161
657152,856,600.0,778,1003.4419083595276
657856,857,600.0,800,1003.6236398220062
657920,858,600.0,802,1003.6440644264221
658080,859,600.0,807,1003.6871380805969
658880,860,600.0,832,1003.8887367248535
660000,861,800.0,868,1004.1702764034271
660032,862,600.0,868,1004.1828217506409
660160,863,600.0,872,1004.2198913097382
669344,864,910.0,1159,1006.5083129405975
675200,865,545.0,692,1007.95068526268
675840,866,605.0,721,1008.1150336265564
676512,867,600.0,767,1008.283768415451
676672,868,600.0,699,1008.3264105319977
676832,869,545.0,662,1008.3724412918091
676864,870,545.0,641,1008.383820772171
676864,871,570.0,623,1008.383820772171
677472,872,570.0,682,1008.5380849838257
678080,873,1130.0,1432,1008.692364692688
678368,874,600.0,724,1008.7665927410126
679104,875,570.0,723,1008.9539263248444
679168,876,570.0,664,1008.973824262619
679296,877,1330.0,1470,1009.0113801956177
679296,878,545.0,692,1009.0113801956177
679936,879,600.0,771,1009.1756572723389
680256,880,600.0,790,1009.265100479126
680352,881,545.0,696,1009.2941405773163
681088,882,540.0,726,1009.4818942546844
681312,883,1230.0,1533,1009.542379617691
682688,884,570.0,708,1014.827469587326
683072,885,1200.0,1588,1015.4859006404877
683520,886,570.0,730,1016.2575933933258
684032,887,1175.0,1618,1017.1369445323944
685696,888,600.0,803,1020.0125977993011
686144,889,1205.0,1684,1020.7823259830475
687808,890,800.0,904,1023.6486673355103
688736,891,880.0,1179,1025.2436859607697
692768,892,600.0,733,1032.1845798492432
695072,893,1030.0,1203,1036.1343886852264
699360,894,600.0,709,1043.495394229889
699872,895,600.0,700,1044.376053094864
700128,896,1095.0,1439,1044.8210034370422
700288,897,600.0,662,1045.0946474075317
700672,898,570.0,744,1045.755047082901
700704,899,1175.0,1445,1045.810872077942
700896,900,600.0,714,1046.1400973796844
701216,901,1000.0,1415,1046.6910665035248
701728,902,605.0,669,1047.5797681808472
702592,903,570.0,858,1049.0729796886444
702656,904,580.0,838,1049.1831917762756
702880,905,540.0,813,1049.5698034763336
704672,906,600.0,793,1052.649118423462
705344,907,605.0,903,1053.80472946167
705600,908,575.0,705,1054.2425639629364
711040,909,600.0,697,1063.6050288677216
714720,910,805.0,961,1069.9456338882446
715072,911,775.0,904,1070.5497708320618
717920,912,600.0,714,1075.4389147758484
718624,913,715.0,808,1076.6469509601593
724256,914,600.0,762,1086.3505959510803
724608,915,600.0,686,1086.954641342163
725568,916,600.0,820,1088.6045200824738
725888,917,950.0,1457,1089.1536192893982
726720,918,600.0,814,1090.5847952365875
727136,919,605.0,673,1091.298675775528
729344,920,600.0,836,1095.096518278122
729536,921,800.0,914,1095.4275279045105
729664,922,1375.0,1580,1095.6482422351837
729856,923,600.0,844,1095.9801397323608
730240,924,600.0,892,1096.6437273025513
730400,925,1175.0,1579,1096.918645143509
730528,926,800.0,809,1097.138683795929
730816,927,1205.0,1555,1097.636833190918
732128,928,1370.0,1589,1099.891211271286
734112,929,1605.0,1608,1103.3060393333435
734880,930,1185.0,1816,1104.6268010139465
735712,931,1430.0,1633,1106.0588130950928
735872,932,1430.0,1738,1106.3343822956085
737152,933,600.0,701,1108.5363638401031
737184,934,1230.0,1609,1108.5919909477234
738400,935,1575.0,1582,1110.6797771453857
739936,936,600.0,778,1113.3216874599457
744128,937,600.0,797,1120.5416934490204
745312,938,1145.0,1388,1122.587546825409
746144,939,1175.0,1404,1124.0197114944458
748032,940,805.0,743,1127.2744030952454
748768,941,1860.0,2202,1128.5448815822601
749696,942,600.0,608,1130.1389355659485
750560,943,600.0,812,1140.957396030426
751552,944,1235.0,1444,1142.6667063236237
752672,945,540.0,720,1144.6044704914093
752704,946,540.0,725,1144.6603186130524
753376,947,1430.0,1665,1145.8170845508575
753824,948,570.0,719,1146.5882966518402
756128,949,545.0,664,1150.566115140915
757472,950,800.0,730,1152.8853821754456
758816,951,540.0,717,1155.2010490894318
759072,952,600.0,730,1155.6423547267914
760320,953,600.0,935,1157.7984561920166
760896,954,600.0,741,1158.7892575263977
761024,955,1535.0,1886,1159.0098686218262
763648,956,600.0,789,1163.5198247432709
765952,957,1205.0,1717,1167.4935929775238
766336,958,600.0,826,1168.1557199954987
767168,959,600.0,940,1169.5921778678894
767456,960,1430.0,1548,1170.0896799564362
767712,961,520.0,737,1170.530396938324
770624,962,545.0,683,1175.5666718482971
771168,963,1200.0,1425,1176.5009353160858
772736,964,600.0,772,1179.197813987732
773088,965,1180.0,1367,1179.8063957691193
773760,966,1380.0,1497,1180.960190296173
774080,967,600.0,901,1181.5136196613312
774304,968,540.0,742,1181.9026811122894
774656,969,1320.0,1486,1182.5137467384338
777504,970,600.0,775,1187.423276424408
777728,971,600.0,761,1187.8116419315338
777856,972,600.0,751,1188.0328576564789
778944,973,600.0,713,1189.9167098999023
779072,974,600.0,919,1190.1375184059143
780928,975,605.0,691,1193.3390226364136
781504,976,1230.0,1616,1194.3306529521942
782848,977,600.0,743,1196.6458432674408
783840,978,510.0,824,1198.3559103012085
784576,979,1565.0,1809,1199.6275382041931
786144,980,1550.0,1738,1202.322276353836
789024,981,570.0,877,1207.2854931354523
791776,982,515.0,769,1212.0308022499084
792064,983,600.0,804,1212.5316615104675
794816,984,540.0,739,1217.2676537036896
795392,985,600.0,774,1218.2618761062622
798400,986,600.0,754,1223.4443180561066
798432,987,545.0,792,1223.4989495277405
798560,988,575.0,651,1223.7192378044128
799424,989,1230.0,1496,1225.21067404747
802304,990,530.0,776,1230.1998884677887
805152,991,600.0,739,1235.1123564243317
805600,992,1860.0,2297,1235.8838284015656
806144,993,800.0,885,1236.8196926116943
810528,994,1295.0,1569,1244.3773481845856
814944,995,1435.0,1690,1251.9863336086273
817376,996,600.0,1049,1256.1720864772797
818272,997,545.0,733,1257.717450618744
818336,998,600.0,822,1257.8269400596619
819648,999,1350.0,1624,1260.0933146476746
820384,1000,2035.0,2321,1261.4050834178925
820736,1001,600.0,697,1262.054442167282
821920,1002,800.0,829,1264.1174352169037
822240,1003,1175.0,1515,1264.690586566925
823104,1004,1230.0,1739,1266.2857320308685
823840,1005,1405.0,1597,1267.6211259365082
824608,1006,1355.0,1562,1269.0172905921936
826688,1007,600.0,762,1272.6179797649384
827104,1008,570.0,655,1273.3419454097748
831232,1009,1230.0,1574,1280.4773578643799
832512,1010,1210.0,1675,1282.6899354457855
833248,1011,1285.0,1383,1283.9604704380035
836032,1012,1805.0,2262,1288.77561378479
836064,1013,605.0,798,1288.8303761482239
838464,1014,1200.0,1685,1292.9769124984741
840032,1015,1200.0,1787,1295.690716266632
840192,1016,1400.0,1690,1295.9706428050995
841280,1017,1835.0,2354,1297.8508715629578
842080,1018,540.0,667,1299.232241153717
843072,1019,1205.0,1604,1300.9415187835693
844288,1020,1560.0,1435,1303.0448679924011
846464,1021,570.0,683,1306.7952876091003
847264,1022,600.0,792,1308.174120426178
847776,1023,600.0,857,1309.0557098388672
848096,1024,1175.0,1521,1309.6087527275085
849536,1025,2390.0,3028,1312.092030286789
849792,1026,600.0,862,1312.534807920456
849792,1027,600.0,813,1312.534807920456
853440,1028,1235.0,1716,1318.8260576725006
854016,1029,1780.0,2343,1319.8146889209747
854976,1030,600.0,871,1321.465116739273
855744,1031,1435.0,1583,1322.784199476242
857504,1032,2100.0,2609,1325.817466020584
858976,1033,800.0,717,1328.3470199108124
860128,1034,1175.0,1704,1330.3300466537476
860608,1035,545.0,643,1331.153237581253
862816,1036,605.0,836,1334.9541554450989
864928,1037,1205.0,1486,1338.5926067829132
866144,1038,600.0,865,1340.6870093345642
866144,1039,1230.0,1496,1340.6870093345642
866752,1040,1175.0,1472,1341.7300581932068
869632,1041,1230.0,1604,1346.7267303466797
871072,1042,1150.0,1500,1349.2204957008362
871552,1043,600.0,784,1350.0453476905823
871648,1044,570.0,856,1350.211405992508
875552,1045,600.0,805,1356.9349279403687
876928,1046,1570.0,1572,1359.309342622757
879392,1047,1345.0,1442,1363.5499415397644
880128,1048,1235.0,1529,1364.8163454532623
881088,1049,1230.0,1518,1366.468624830246
883424,1050,600.0,865,1370.4853065013885
884192,1051,605.0,834,1371.804630279541
885696,1052,600.0,715,1374.3917541503906
886272,1053,1175.0,1440,1375.38396859169
891520,1054,1185.0,1545,1384.4150998592377
891712,1055,490.0,838,1384.7453677654266
892224,1056,575.0,815,1385.6277384757996
892960,1057,600.0,820,1386.8955795764923
893536,1058,1150.0,1367,1387.8887131214142
894528,1059,600.0,887,1389.6006877422333
894720,1060,1230.0,1614,1389.9329392910004
895200,1061,600.0,736,1390.7584264278412
895744,1062,545.0,771,1391.692982673645
897728,1063,1575.0,1764,1395.1060943603516
898816,1064,1110.0,1596,1396.9778499603271
899072,1065,1115.0,1594,1397.4203596115112
899168,1066,1320.0,1552,1397.586191892624
901312,1067,600.0,762,1401.2764537334442
903488,1068,1370.0,1355,1405.0176100730896
907072,1069,745.0,739,1411.2151594161987
908416,1070,600.0,710,1413.5249276161194
909280,1071,600.0,882,1415.011158466339
909344,1072,1235.0,1574,1415.1221280097961
909824,1073,1405.0,1538,1415.9465272426605
911200,1074,570.0,779,1418.313053369522
913888,1075,600.0,654,1422.9357402324677
915136,1076,1155.0,1422,1425.0853650569916
915520,1077,605.0,687,1425.7470061779022
916096,1078,575.0,762,1426.7412877082825
916384,1079,3020.0,3171,1427.235911846161
918240,1080,605.0,741,1430.4309878349304
921280,1081,570.0,816,1435.6691007614136
921344,1082,2165.0,2317,1435.7796020507812
921536,1083,800.0,807,1436.1081521511078
922112,1084,545.0,717,1437.1012907028198
922720,1085,1405.0,1599,1438.1452026367188
923008,1086,770.0,790,1438.642109632492
923360,1087,1780.0,2168,1439.2461676597595
923488,1088,1175.0,1499,1439.4676258563995
924672,1089,1755.0,2227,1441.514093875885
927424,1090,600.0,817,1446.2603468894958
927680,1091,570.0,896,1446.7014436721802
928544,1092,1430.0,1537,1448.1954638957977
928992,1093,1840.0,2315,1448.9720780849457
928992,1094,1120.0,1400,1448.9724261760712
929248,1095,800.0,805,1449.4138748645782
929888,1096,1200.0,1556,1450.517166852951
930304,1097,600.0,726,1451.241152048111
930816,1098,545.0,671,1452.1219835281372
932640,1099,600.0,713,1455.2719235420227
933056,1100,545.0,683,1455.9884407520294
933952,1101,575.0,771,1457.5337970256805
937952,1102,1200.0,1451,1464.4175534248352
940032,1103,600.0,817,1468.0044314861298
940096,1104,515.0,750,1468.1165046691895
940512,1105,1430.0,1510,1468.8354141712189
940704,1106,605.0,787,1469.164911031723
942016,1107,1180.0,1479,1471.414588689804
942624,1108,570.0,667,1472.4581208229065
942624,1109,600.0,763,1472.4581208229065
942752,1110,545.0,669,1472.6794452667236
945504,1111,575.0,731,1477.4189727306366
946944,1112,570.0,733,1479.9046235084534
947552,1113,600.0,814,1480.9494502544403
947712,1114,570.0,634,1481.2256724834442
948128,1115,570.0,598,1481.940630197525
948992,1116,600.0,761,1483.4341745376587
949088,1117,600.0,824,1483.5989291667938
953152,1118,600.0,796,1490.5960638523102
953664,1119,600.0,786,1491.47940158844
955616,1120,1400.0,1477,1494.8364672660828
955872,1121,600.0,784,1495.2764315605164
956096,1122,600.0,692,1495.6594898700714
957408,1123,515.0,774,1497.9163851737976
959072,1124,570.0,595,1500.7753920555115
960992,1125,545.0,634,1504.0775678157806
961152,1126,540.0,879,1504.3539597988129
961312,1127,600.0,730,1504.6325180530548
961344,1128,925.0,1188,1504.6876938343048
962880,1129,1170.0,1493,1507.328353881836
963552,1130,570.0,673,1508.4807624816895
965920,1131,575.0,728,1512.5504746437073
968576,1132,600.0,812,1517.1254646778107
968736,1133,600.0,657,1517.4026243686676
969216,1134,570.0,659,1518.2287929058075
970688,1135,600.0,787,1520.7661719322205
972000,1136,600.0,784,1523.019865989685
973248,1137,600.0,755,1525.1594824790955
976480,1138,1205.0,1456,1530.7093758583069
977056,1139,600.0,747,1531.6998093128204
978176,1140,600.0,690,1533.629205942154
978432,1141,600.0,775,1534.0767450332642
979776,1142,545.0,755,1536.390464067459
980896,1143,1230.0,1622,1538.3191578388214
981536,1144,605.0,637,1539.4217805862427
982208,1145,600.0,824,1540.5763039588928
982496,1146,600.0,732,1541.070463180542
982688,1147,1370.0,1637,1541.399997472763
984352,1148,570.0,844,1544.274522781372
984640,1149,1975.0,2133,1544.7696375846863
985728,1150,570.0,763,1546.6604046821594
988352,1151,600.0,775,1551.1955788135529
988480,1152,1175.0,1499,1551.4156563282013
988480,1153,1115.0,1513,1551.4156563282013
990976,1154,600.0,680,1555.7033324241638
994848,1155,1835.0,2052,1562.3312168121338
996288,1156,1860.0,2292,1564.798299074173
997152,1157,600.0,788,1566.284536600113
999008,1158,2865.0,3132,1569.4799542427063
1000672,1159,575.0,756,1584.387140750885
1001984,1160,1230.0,1657,1586.6397869586945
1003200,1161,1235.0,1309,1588.72895693779
1005056,1162,600.0,705,1591.9263927936554
1006624,1163,600.0,749,1594.625412940979
1007552,1164,1105.0,1213,1596.2161693572998
1007904,1165,545.0,611,1596.8192451000214
1008352,1166,600.0,817,1597.5908994674683
1009472,1167,800.0,874,1599.5098254680634
1010176,1168,1590.0,1958,1600.7215158939362
1010560,1169,600.0,811,1601.3816072940826
1012416,1170,800.0,670,1604.5790438652039
1015200,1171,1175.0,1635,1609.367651462555
1017632,1172,605.0,712,1613.5354430675507
1017824,1173,1180.0,1540,1613.8662967681885
1018336,1174,580.0,689,1614.7448511123657
1018592,1175,1230.0,1497,1615.1835713386536
1022304,1176,600.0,788,1621.5544126033783
1022368,1177,605.0,730,1621.664647102356
1025088,1178,2080.0,2573,1626.3459842205048
1025344,1179,1205.0,1466,1626.7867362499237
1030336,1180,515.0,790,1635.3526797294617
1031360,1181,1200.0,1662,1637.1075744628906
1032000,1182,570.0,739,1638.2056531906128
1032288,1183,570.0,714,1638.704748392105
1032832,1184,600.0,926,1639.6463770866394
1034432,1185,1230.0,1523,1642.3935074806213
1034688,1186,1575.0,1921,1642.8316404819489
1034752,1187,1150.0,1446,1642.9430949687958
1034784,1188,1230.0,1576,1642.9981405735016
1037184,1189,600.0,833,1647.110910654068
1037440,1190,1830.0,2390,1647.5518760681152
1038304,1191,1775.0,1914,1649.0366322994232
1040128,1192,600.0,780,1652.1670334339142
1040288,1193,600.0,702,1652.4464342594147
1044064,1194,600.0,804,1658.940627336502
1046656,1195,2060.0,2092,1663.4082925319672
1047680,1196,830.0,1256,1665.1669595241547
1048192,1197,1115.0,1300,1666.048751592636
1048320,1198,2155.0,2575,1666.2676091194153
1049152,1199,600.0,838,1667.7000999450684
1049472,1200,1185.0,1485,1668.2531814575195
1050336,1201,600.0,782,1669.7394156455994
1053504,1202,770.0,724,1675.1714918613434
1054688,1203,600.0,709,1677.2049691677094
1056320,1204,1775.0,2359,1680.0099437236786
1057056,1205,600.0,803,1681.2743787765503
1058944,1206,1205.0,1596,1684.5071485042572
1060192,1207,600.0,711,1686.6514341831207
1060992,1208,1230.0,1590,1688.0224537849426
1062176,1209,570.0,746,1690.052044391632
1063360,1210,1230.0,1594,1692.0794339179993
1071008,1211,2125.0,2581,1705.2155392169952
1073504,1212,570.0,724,1709.494947195053
1073568,1213,600.0,763,1709.6048505306244
1075104,1214,1120.0,1564,1712.2454135417938
1075680,1215,600.0,820,1713.2369537353516
1076096,1216,1440.0,1829,1713.9512910842896
1076768,1217,570.0,639,1715.1088726520538
1078496,1218,600.0,744,1718.0791015625
1078720,1219,600.0,789,1718.4627735614777
1079936,1220,1200.0,1803,1720.5521130561829
1084576,1221,2070.0,2624,1728.5365843772888
1084608,1222,1860.0,2064,1728.5938229560852
1085280,1223,770.0,884,1729.7480626106262
1087680,1224,570.0,761,1733.868512392044
1089792,1225,1205.0,1646,1737.4913086891174
1090528,1226,1375.0,1570,1738.7558069229126
1093440,1227,2005.0,1911,1743.7490346431732
1093568,1228,1430.0,1670,1743.968605518341
1095360,1229,1600.0,1470,1747.0482461452484
1096512,1230,1170.0,1512,1749.0310189723969
1097472,1231,1560.0,1589,1750.6770069599152
1097696,1232,545.0,675,1751.0610926151276
1097760,1233,1570.0,1968,1751.1721653938293
1098656,1234,570.0,630,1752.711886882782
1099776,1235,600.0,772,1754.6362648010254
1099808,1236,1805.0,2044,1754.6906924247742
1100448,1237,600.0,840,1755.79065823555
1100640,1238,1860.0,2063,1756.1206760406494
1102144,1239,610.0,694,1758.7027106285095
1102368,1240,900.0,1319,1759.0861740112305
1106880,1241,1170.0,1500,1766.8245871067047
1107264,1242,2120.0,2326,1767.4865281581879
1107296,1243,570.0,710,1767.5418322086334
1107968,1244,2060.0,2290,1768.6942973136902
1112928,1245,1975.0,2153,1777.2372686862946
1112960,1246,600.0,790,1777.292652130127
1117152,1247,600.0,645,1784.49010181427
1119072,1248,600.0,666,1787.795060634613
1119424,1249,1435.0,1435,1788.4014739990234
1120192,1250,570.0,710,1789.725147485733
1120832,1251,860.0,1132,1790.8211879730225
1120928,1252,545.0,660,1790.9855802059174
1122528,1253,600.0,684,1793.778855085373
1123872,1254,1235.0,1507,1796.1532406806946
1124096,1255,575.0,826,1796.5447599887848
1124224,1256,600.0,764,1796.7709865570068
1125024,1257,1120.0,1508,1798.1594614982605
1125888,1258,600.0,796,1799.6545946598053
1126208,1259,1875.0,2040,1800.2160830497742
1126400,1260,545.0,751,1800.5480229854584
1127040,1261,2335.0,2480,1801.6554999351501
1127552,1262,570.0,612,1802.5558001995087
1127648,1263,600.0,636,1802.7290952205658
1128000,1264,600.0,809,1803.3446395397186
1134368,1265,1170.0,1393,1814.2932736873627
1134752,1266,570.0,682,1814.951905965805
1137440,1267,1830.0,2354,1819.5664863586426
1138048,1268,540.0,653,1820.6113955974579
1139136,1269,1180.0,1519,1822.4821445941925
1139200,1270,775.0,1000,1822.5923097133636
1139552,1271,1400.0,1439,1823.1980504989624
1144032,1272,600.0,745,1830.9056189060211
1144064,1273,545.0,726,1830.95969581604
1146400,1274,545.0,625,1834.9740929603577
1146400,1275,1120.0,1493,1834.9740929603577
1148704,1276,570.0,703,1838.9279010295868
1148896,1277,545.0,667,1839.2589905261993
1149472,1278,600.0,737,1840.2488956451416
1152256,1279,2165.0,2539,1845.0340900421143
1152480,1280,1775.0,2100,1845.4168453216553
1154720,1281,1090.0,1103,1849.2606415748596
1156768,1282,1230.0,1369,1852.7752397060394
1157408,1283,1230.0,1580,1853.8681964874268
1159040,1284,545.0,761,1856.6664276123047
1160256,1285,600.0,647,1858.7590618133545
1161568,1286,600.0,754,1861.0146486759186
1161984,1287,775.0,712,1861.731281042099
1163648,1288,2330.0,2655,1864.5897829532623
1166208,1289,2175.0,2274,1868.9757099151611
1167808,1290,600.0,742,1871.7232420444489
1169344,1291,1200.0,1303,1874.367211818695
1173152,1292,2145.0,2432,1880.9443151950836
1173280,1293,1350.0,1510,1881.1660482883453
1175360,1294,570.0,715,1884.7432985305786
1178592,1295,1630.0,1581,1890.291864156723
1179104,1296,1700.0,1876,1891.1694550514221
1180672,1297,1615.0,1776,1893.8634822368622
1180800,1298,775.0,1005,1894.0840322971344
1182464,1299,1565.0,1824,1896.9599311351776
1184448,1300,1810.0,1882,1900.3801050186157
1184768,1301,1580.0,1805,1900.9287493228912
1184864,1302,570.0,729,1901.0947089195251
1185952,1303,600.0,804,1902.9651832580566
1186144,1304,1775.0,1990,1903.2938203811646
1187904,1305,570.0,758,1906.3280346393585
1190912,1306,1805.0,2189,1911.5129189491272
1194272,1307,1655.0,1758,1917.2993731498718
1194624,1308,570.0,671,1917.9054238796234
1196512,1309,975.0,1243,1921.1511874198914
1198272,1310,600.0,782,1924.1771411895752
1199072,1311,600.0,741,1925.5514132976532
1201984,1312,1800.0,1966,1930.5749251842499
1204576,1313,770.0,747,1935.0277709960938
1204672,1314,1115.0,1479,1935.1927366256714
1209792,1315,1230.0,1587,1944.0135283470154
1210336,1316,570.0,607,1944.950026512146
1210432,1317,555.0,705,1945.116883277893
1211584,1318,600.0,801,1947.0939772129059
1215168,1319,770.0,654,1953.2846660614014
1215360,1320,1400.0,1487,1953.6157586574554
1216352,1321,2260.0,2186,1955.320417881012
1217600,1322,600.0,719,1957.4555449485779
1218848,1323,2130.0,2641,1959.5998220443726
1219072,1324,1865.0,2195,1959.9836812019348
1219776,1325,600.0,727,1961.1950180530548
1220032,1326,600.0,682,1961.637618303299
1220320,1327,1405.0,1304,1962.1354064941406
1220992,1328,2550.0,2406,1963.295954465866
1224000,1329,1860.0,2244,1968.4966111183167
1225504,1330,2090.0,2473,1971.076621055603
1225536,1331,945.0,1400,1971.132273197174
1226976,1332,600.0,781,1973.6031448841095
1229024,1333,1625.0,1866,1977.1226909160614
1230752,1334,2345.0,2378,1980.0906026363373
1231008,1335,1355.0,1442,1980.5288560390472
1231296,1336,540.0,673,1981.0242738723755
1234144,1337,770.0,744,1985.9271366596222
1234688,1338,1095.0,1517,1986.87166762352
1239008,1339,600.0,669,1994.2950563430786
1241216,1340,1945.0,1836,1998.1061239242554
1242080,1341,540.0,680,1999.5899114608765
1242336,1342,540.0,729,2000.0301773548126
1243008,1343,1175.0,1373,2001.1882705688477
1245248,1344,570.0,758,2005.051599264145
1247520,1345,570.0,735,2008.9746911525726
1248448,1346,2440.0,2570,2010.5770854949951
1248576,1347,3285.0,3098,2010.7968246936798
1249952,1348,2695.0,2750,2013.1648166179657
1250624,1349,570.0,739,2026.806253194809
1251936,1350,1830.0,2111,2029.066430568695
1252576,1351,1800.0,2298,2030.1740882396698
1255488,1352,1120.0,1109,2035.1898007392883
1255904,1353,605.0,842,2035.9067125320435
1258912,1354,2050.0,2319,2041.0891423225403
1260096,1355,1200.0,1367,2043.1364541053772
1261824,1356,1170.0,1607,2046.1225776672363
1263744,1357,600.0,669,2049.4831972122192
1266816,1358,600.0,744,2054.774648666382
1268480,1359,1430.0,1522,2057.645206451416
1269792,1360,1975.0,2037,2059.908768892288
1273952,1361,2030.0,2169,2067.0900390148163
1274208,1362,545.0,758,2067.53205037117
1274240,1363,600.0,697,2067.5866963863373
1277472,1364,1550.0,1833,2073.150769472122
1279904,1365,1775.0,2017,2077.3523807525635
1281472,1366,600.0,705,2080.0692236423492
1283200,1367,1805.0,2126,2083.0553908348083
1283264,1368,600.0,724,2083.1669669151306
1284608,1369,1110.0,1357,2085.4895412921906
1285248,1370,1235.0,1446,2086.5934793949127
1287200,1371,2155.0,2363,2089.9663186073303
1291296,1372,1400.0,1339,2097.0521507263184
1291584,1373,1175.0,1448,2097.554430246353
1293408,1374,1515.0,1943,2100.703150510788
1294400,1375,545.0,639,2102.418069601059
1294784,1376,600.0,782,2103.08087849617
1295232,1377,2060.0,2180,2103.851578474045
1295744,1378,1865.0,2024,2104.7364723682404
1296032,1379,605.0,682,2105.242579460144
1296160,1380,2315.0,2207,2105.4643247127533
1296480,1381,540.0,696,2106.0159618854523
1298144,1382,1840.0,2000,2108.894562482834
1299232,1383,1435.0,1458,2110.7771558761597
1302336,1384,2030.0,2114,2116.2873232364655
1303456,1385,1660.0,1653,2118.258237361908
1303488,1386,2060.0,2274,2118.3171796798706
1309184,1387,570.0,810,2128.498190164566
1310336,1388,1230.0,1516,2130.5070979595184
1311488,1389,1200.0,1396,2132.5563702583313
1313152,1390,1205.0,1396,2135.4695398807526
1315904,1391,600.0,769,2140.1694662570953
1318912,1392,600.0,715,2145.2743158340454
1319744,1393,2035.0,2008,2146.6908297538757
1320064,1394,1975.0,2267,2147.261095046997
1320608,1395,2060.0,2253,2148.2343776226044
1321856,1396,1605.0,1387,2150.5201165676117
1322112,1397,2120.0,2503,2150.9762284755707
1324640,1398,800.0,795,2156.0112733840942
1327392,1399,515.0,749,2161.333473443985
1332608,1400,1230.0,1544,2170.6475582122803
1333056,1401,2165.0,2412,2171.4568362236023
1334336,1402,2205.0,2207,2173.7217667102814
1336864,1403,600.0,655,2178.2040967941284
1337632,1404,1170.0,1382,2179.5822982788086
1339712,1405,1550.0,1390,2183.304561853409
1341440,1406,1700.0,1876,2186.453889608383
1342336,1407,1430.0,1443,2188.0184495449066
1343008,1408,1345.0,1477,2189.2025673389435
1343264,1409,570.0,736,2189.693386077881
1343456,1410,600.0,667,2190.1354961395264
1343584,1411,1545.0,1762,2194.6619930267334
1346656,1412,2060.0,2087,2200.8403890132904
1348352,1413,1580.0,1570,2203.795916080475
1348384,1414,1400.0,1689,2203.843184709549
1349440,1415,1480.0,1472,2205.6834111213684
1353248,1416,600.0,809,2212.36563539505
1353952,1417,1220.0,1399,2213.6061475276947
1357600,1418,605.0,767,2220.010456085205
1357664,1419,1230.0,1392,2220.130083799362
1358592,1420,1805.0,2293,2221.752788066864
1358720,1421,570.0,659,2221.976409435272
1359744,1422,1235.0,1545,2223.7729847431183
1362720,1423,2620.0,2441,2229.0298850536346
1363232,1424,1860.0,2088,2229.9361300468445
1364352,1425,570.0,659,2231.9058532714844
1367072,1426,1805.0,1987,2236.688842535019
1372928,1427,2125.0,2443,2246.969748735428
1374496,1428,1580.0,1701,2249.728393793106
1376192,1429,1810.0,2022,2252.7220482826233
1376640,1430,605.0,885,2253.5019891262054
1379840,1431,570.0,660,2259.14137840271
1382016,1432,2030.0,1919,2263.0190110206604
1385568,1433,2045.0,1992,2269.2698681354523
1386944,1434,2665.0,2982,2271.7005767822266
1390656,1435,2175.0,2243,2278.2316465377808
1392384,1436,2385.0,2117,2281.2665061950684
1394144,1437,1230.0,1584,2284.3737258911133
1398368,1438,2030.0,2055,2291.772092819214
1400288,1439,885.0,1269,2295.14551281929
1401728,1440,605.0,798,2297.686712026596
1402368,1441,1435.0,1513,2298.7977232933044
1404320,1442,2030.0,2188,2302.2312002182007
1408512,1443,1115.0,1591,2309.5960352420807
1409376,1444,2005.0,2124,2311.1081581115723
1413056,1445,1235.0,1573,2317.585592508316
1413632,1446,2105.0,2189,2318.5976593494415
1414624,1447,1170.0,1571,2320.3540494441986
1414720,1448,2035.0,2262,2320.527806043625
1415200,1449,605.0,767,2321.364708185196
1417472,1450,740.0,785,2325.384114742279
1417632,1451,1150.0,1702,2325.6600358486176
1418112,1452,2165.0,2451,2326.5097234249115
1419072,1453,1230.0,1626,2328.20374751091
1419360,1454,2385.0,2387,2328.7084624767303
1424448,1455,1230.0,1494,2337.7026641368866
1425152,1456,1830.0,2366,2338.965362071991
1426336,1457,2305.0,2286,2341.0798976421356
1426400,1458,2570.0,2493,2341.207039833069
1426784,1459,545.0,763,2341.8861758708954
1427680,1460,2085.0,2188,2343.459008693695
1430400,1461,1375.0,1581,2348.2189095020294
1431168,1462,2870.0,2948,2349.5660321712494
1433376,1463,1230.0,1607,2353.4365339279175
1458496,1464,600.0,748,2362.20147895813
1461728,1465,575.0,851,2363.019139289856
1472928,1466,885.0,1201,2365.804009437561
1479296,1467,1000.0,1400,2367.365708589554
1480672,1468,1235.0,1442,2367.716876268387
1480928,1469,1175.0,1449,2367.7794539928436
1483136,1470,1120.0,1520,2368.3370583057404
1483360,1471,1175.0,1525,2368.3990194797516
1483744,1472,1230.0,1539,2368.493164539337
1486208,1473,1430.0,1614,2375.6832571029663
1494976,1474,1970.0,1890,2390.6194541454315
1496800,1475,1860.0,1945,2393.8123626708984
1497792,1476,1730.0,1978,2395.7556385993958
1499360,1477,1925.0,2027,2398.687484264374
1499904,1478,1840.0,2043,2399.6370339393616
1500320,1479,1860.0,2057,2405.7528388500214
1500800,1480,1860.0,2072,2406.6207644939423
1501152,1481,1930.0,2083,2407.2355873584747
1502528,1482,2060.0,2126,2409.6684725284576
1503968,1483,570.0,644,2412.357556581497
1504000,1484,600.0,773,2412.404742717743
1504800,1485,1830.0,2197,2413.932580947876
1505120,1486,605.0,687,2414.514973640442
1505472,1487,2550.0,2216,2415.1127495765686
1507104,1488,800.0,653,2417.9148740768433
1507584,1489,2115.0,2282,2418.733852624893
1509728,1490,2180.0,2349,2422.4275126457214
1511168,1491,2420.0,2395,2424.963753938675
1513888,1492,2315.0,2480,2429.6351997852325
1518368,1493,2085.0,2621,2437.3307814598083
1521504,1494,600.0,772,2442.7280337810516
1522432,1495,570.0,676,2444.3099160194397
1522816,1496,2890.0,2760,2444.959591150284
1523296,1497,1430.0,1324,2445.78266954422
1525440,1498,3305.0,2842,2449.4509999752045
1526016,1499,2030.0,2112,2450.431668281555
1527872,1500,570.0,721,2453.6109988689423
1528576,1501,2940.0,2939,2454.8279044628143
1532256,1502,2890.0,3055,2461.1393866539
1532800,1503,1145.0,1534,2462.072680234909
1535232,1504,1630.0,1706,2466.360627889633
1536224,1505,2625.0,3179,2468.1066496372223
1538272,1506,3735.0,3242,2471.604366540909
1538848,1507,2060.0,2061,2472.587002515793
1541792,1508,2330.0,2503,2477.771443128586
1547680,1509,1230.0,1561,2487.8315031528473
1549664,1510,600.0,880,2491.2200684547424
1549696,1511,600.0,682,2491.267689228058
1551744,1512,1230.0,1492,2494.7705545425415
1553472,1513,1550.0,1512,2497.7305920124054
1554688,1514,600.0,702,2499.795572042465
1556224,1515,1430.0,1777,2502.419670343399
1556608,1516,715.0,744,2503.0763630867004
1559008,1517,1550.0,1608,2507.173171520233
1560192,1518,540.0,667,2509.1917204856873
1563328,1519,1370.0,1547,2514.559891462326
1564672,1520,1315.0,1674,2516.8544392585754
1565952,1521,545.0,755,2519.0382153987885
1568544,1522,1230.0,1568,2523.652695417404
1569408,1523,1240.0,1457,2525.174457550049
1569440,1524,1785.0,2047,2525.2378611564636
1570464,1525,575.0,713,2527.0631318092346
1571328,1526,600.0,677,2528.5906858444214
1572608,1527,1835.0,2235,2530.8850622177124
1576192,1528,1640.0,1489,2537.0615384578705
1577760,1529,2495.0,2588,2539.7656786441803
1581376,1530,1200.0,1750,2546.119285583496
1585696,1531,575.0,699,2553.5300526618958
1587008,1532,2060.0,1991,2555.7596397399902
1587872,1533,1230.0,1551,2557.2345576286316
1588928,1534,1230.0,1679,2559.0558195114136
1589984,1535,3135.0,2816,2560.8554706573486
1592608,1536,2695.0,2884,2565.417675256729
1594880,1537,1830.0,2152,2569.3056275844574
1596448,1538,1150.0,1305,2571.9925787448883
1596608,1539,915.0,1262,2572.2612960338593
1597504,1540,2785.0,2745,2573.804292678833
1599008,1541,1230.0,1477,2576.3756172657013
1600160,1542,1895.0,2431,2578.3551802635193
1601472,1543,1175.0,1500,2580.6481297016144
1601952,1544,1230.0,1633,2581.474898338318
1603904,1545,1860.0,2115,2584.8316934108734
1606432,1546,2920.0,3157,2589.153543949127
1608640,1547,2865.0,3318,2592.937688589096
1609184,1548,1175.0,1568,2593.8584480285645
1613152,1549,600.0,790,2600.7155995368958
1614304,1550,1230.0,1693,2602.6791245937347
1617280,1551,1170.0,1397,2607.762043952942
1617632,1552,600.0,897,2608.3614399433136
1620448,1553,600.0,800,2613.224862098694
1622048,1554,515.0,796,2615.9981665611267
1623264,1555,600.0,681,2618.0706646442413
1624672,1556,545.0,710,2620.5012109279633
1626624,1557,1205.0,1414,2623.8496029376984
1626688,1558,1830.0,2192,2623.95974111557
1630624,1559,3330.0,3862,2630.7435789108276
1632992,1560,570.0,744,2634.801082134247
1633728,1561,1205.0,1501,2636.0682051181793
1634592,1562,1705.0,2006,2637.5489377975464
1634848,1563,2030.0,2154,2637.991362810135
1635072,1564,1145.0,1410,2638.371408224106
1637952,1565,1170.0,1592,2643.2968606948853
1639584,1566,1860.0,2221,2646.1030797958374
1640512,1567,575.0,627,2647.733745098114
1643744,1568,570.0,596,2653.299881219864
1646240,1569,1170.0,1440,2657.570004224777
1650336,1570,570.0,616,2664.6063108444214
1652736,1571,2665.0,2753,2668.770103931427
1653280,1572,600.0,833,2669.696606874466
1654112,1573,1405.0,1771,2671.1120381355286
1654560,1574,2775.0,2662,2671.8787348270416
1654624,1575,545.0,677,2671.9962623119354
1656096,1576,770.0,664,2674.5176825523376
1658016,1577,1200.0,1545,2677.814018726349
1658400,1578,2430.0,2571,2678.4755635261536
1658784,1579,1830.0,1868,2679.1191968917847
1659936,1580,1375.0,1322,2681.0890583992004
1660736,1581,515.0,803,2682.5354013442993
1663872,1582,2865.0,2691,2687.914711713791
1665888,1583,545.0,692,2691.3702647686005
1667072,1584,1205.0,1369,2693.3901042938232
1668800,1585,2915.0,3107,2696.342721223831
1669216,1586,2880.0,3059,2697.0471012592316
1669952,1587,1145.0,1355,2698.3229892253876
1672448,1588,2195.0,2377,2702.6745030879974
1674720,1589,1860.0,2134,2706.5615055561066
1674912,1590,570.0,676,2706.892251968384
1677504,1591,570.0,774,2711.326192140579
1680704,1592,2235.0,2401,2716.863201379776
1681792,1593,1230.0,1476,2718.723383665085
1682336,1594,1175.0,1389,2719.6597368717194
1682496,1595,1860.0,2168,2719.9281890392303
1684032,1596,600.0,753,2722.5695111751556
1685152,1597,570.0,602,2724.4846007823944
1687424,1598,1435.0,1679,2728.369930267334
1690720,1599,2490.0,3068,2734.062098264694
1691584,1600,2170.0,2417,2735.5509457588196
1692384,1601,575.0,701,2736.922149181366
1693184,1602,570.0,648,2738.2988119125366
1697024,1603,570.0,871,2744.867830991745
1697120,1604,575.0,887,2745.0414543151855
1698656,1605,600.0,742,2747.665957212448
1700288,1606,2225.0,2596,2750.4487013816833
1700672,1607,1175.0,1441,2751.1571300029755
1710944,1608,1200.0,1471,2768.843415260315
1713824,1609,1720.0,1986,2773.832780599594
1716064,1610,550.0,793,2777.724865436554
1719456,1611,805.0,846,2783.58784532547
1719744,1612,2805.0,3055,2784.091000556946
1720224,1613,1860.0,2051,2784.9346046447754
1722080,1614,570.0,669,2788.20551609993
1722592,1615,2205.0,2388,2789.134506225586
1724928,1616,600.0,771,2793.275326490402
1728800,1617,2150.0,2201,2800.21723818779
1729408,1618,2265.0,2147,2801.2826447486877
1737312,1619,2920.0,3055,2815.204262971878
1737504,1620,2135.0,2486,2815.5538001060486
1738176,1621,2675.0,3054,2816.7622725963593
1741536,1622,1545.0,1797,2822.740266084671
1747072,1623,2625.0,2502,2832.5893750190735
1748096,1624,2260.0,2295,2834.397667646408
1748576,1625,2375.0,2065,2835.246738910675
1751712,1626,2760.0,3051,2858.013025999069
1754816,1627,3030.0,3087,2863.53830742836
1755296,1628,2740.0,3017,2864.365020275116
1755584,1629,2005.0,1950,2864.868423461914
1758592,1630,1830.0,2095,2870.191189289093
1762176,1631,520.0,750,2876.5745544433594
1763168,1632,2075.0,2545,2878.325026035309
1767872,1633,2495.0,2826,2886.689116716385
1768640,1634,1145.0,1455,2888.025763988495
1771232,1635,1145.0,1307,2892.6597096920013
1771520,1636,545.0,717,2893.197827577591
1773824,1637,2890.0,2861,2898.4301941394806
1774240,1638,2935.0,2923,2899.3853998184204
1774272,1639,2695.0,2785,2899.44926404953
1774304,1640,1400.0,1707,2899.5287306308746
1775168,1641,2190.0,2444,2901.6483845710754
1778016,1642,800.0,710,2909.1340746879578
1779456,1643,1200.0,1583,2913.1436574459076
1783072,1644,2590.0,2686,2923.1116483211517
1784064,1645,3150.0,3020,2925.723483800888
1784800,1646,605.0,821,2927.6674473285675
1788288,1647,1400.0,1588,2937.1959369182587
1789312,1648,1435.0,1627,2940.052142381668
1792992,1649,575.0,785,2949.9562504291534
1794752,1650,3150.0,3005,2954.687721014023
1796512,1651,720.0,791,2959.158433198929
1800832,1652,1175.0,1439,2970.760635137558
1803616,1653,2915.0,2808,2978.139635324478
1803904,1654,2330.0,2617,2978.87068939209
1805280,1655,575.0,854,2982.6325917243958
1806848,1656,1405.0,1723,2986.724600315094
1807552,1657,3115.0,2754,2988.512778043747
1808416,1658,2895.0,2887,2990.8315467834473
1809152,1659,2235.0,2113,2992.8286221027374
1809408,1660,3100.0,3079,2993.5093133449554
1813280,1661,1145.0,1598,3003.7334015369415
1813728,1662,2920.0,2849,3004.9675989151
1814880,1663,1830.0,2088,3007.970366001129
1819840,1664,1145.0,1601,3021.0392730236053
1822464,1665,2155.0,2356,3028.1671257019043
1827552,1666,3120.0,3208,3041.616941690445
1830240,1667,1780.0,1751,3048.913842201233
1830656,1668,1125.0,1457,3050.017622947693
1836000,1669,1200.0,1460,3064.0944304466248
1836256,1670,515.0,706,3064.788537979126
1846912,1671,2000.0,2271,3092.737683057785
1849472,1672,2740.0,2936,3099.475449323654
1849600,1673,1760.0,2193,3099.8219900131226
1852672,1674,1200.0,1533,3107.8146290779114
1856320,1675,2490.0,2579,3117.1641426086426
1856928,1676,1235.0,1545,3118.5603199005127
1856992,1677,2080.0,2312,3118.7026085853577
1858496,1678,2435.0,2634,3122.2788968086243
1860352,1679,1235.0,1421,3126.4897615909576
1861184,1680,605.0,788,3128.400135040283
1867040,1681,1405.0,1394,3141.802011489868
1867616,1682,2910.0,2891,3143.0949952602386
1870176,1683,1010.0,1575,3148.8449079990387
1874496,1684,805.0,682,3158.5966470241547
1875232,1685,2030.0,2326,3160.2521698474884
1878400,1686,3275.0,3342,3167.3200306892395
1879264,1687,3895.0,3630,3169.246682405472
1880000,1688,600.0,719,3170.902804374695
1881536,1689,2040.0,2287,3174.421147584915
1882144,1690,1835.0,2275,3175.7796046733856
1882400,1691,805.0,816,3176.361355781555
1882624,1692,2160.0,2461,3176.8588483333588
1886944,1693,2695.0,3085,3186.5053899288177
1889216,1694,3075.0,2954,3191.6029324531555
1890720,1695,2900.0,3056,3195.059101343155
1892480,1696,3365.0,3001,3198.999743938446
1892576,1697,1840.0,2032,3199.2207973003387
1897280,1698,2735.0,2827,3209.7351546287537
1899360,1699,2460.0,2942,3214.4801919460297
1902816,1700,570.0,886,3222.350128889084
1905184,1701,1200.0,1509,3227.6622264385223
1906368,1702,770.0,848,3230.3096385002136
1908576,1703,690.0,827,3235.2395253181458
1908928,1704,1375.0,1576,3236.0269753932953
1913856,1705,3980.0,4035,3247.178590774536
1914464,1706,3030.0,3164,3248.536740541458
1915072,1707,2955.0,2652,3249.894026041031
1915904,1708,2635.0,2490,3251.753934621811
1916672,1709,1205.0,1295,3253.474348306656
1921184,1710,1205.0,1337,3263.667424440384
1923136,1711,3360.0,3564,3268.054626941681
1927296,1712,1635.0,1885,3277.334127664566
1933696,1713,2830.0,3222,3292.1816749572754
1935296,1714,1430.0,1336,3295.99910902977
1936448,1715,2690.0,2715,3298.613742828369
1936672,1716,1230.0,1773,3299.1482050418854
1936800,1717,1430.0,1487,3299.473780155182
1938144,1718,2060.0,2205,3302.8094930648804
1938432,1719,2720.0,2862,3303.4927837848663
1942560,1720,570.0,860,3313.1912155151367
1946624,1721,1170.0,1479,3322.5628521442413
1948576,1722,2635.0,2732,3326.9669177532196
1950464,1723,1410.0,1490,3331.501215696335
1951168,1724,1975.0,2009,3333.3943858146667
1953664,1725,1175.0,1516,3339.2548944950104
1956352,1726,2060.0,2306,3345.3177947998047
1960512,1727,1230.0,1458,3354.873293876648
1961408,1728,570.0,769,3356.9002010822296
1965088,1729,2770.0,2967,3365.2374131679535
1967264,1730,545.0,584,3370.2320313453674
1968448,1731,575.0,682,3372.8778755664825
1969856,1732,1205.0,1522,3376.016182422638
1973376,1733,1380.0,1570,3383.9814953804016
1973696,1734,1835.0,2025,3384.7074246406555
1974208,1735,2900.0,2870,3385.8420283794403
1974528,1736,600.0,752,3386.5667021274567
1974752,1737,3360.0,3576,3387.07253575325
1975840,1738,2585.0,2662,3389.504392147064
1985312,1739,775.0,632,3411.0468142032623
1989184,1740,2460.0,2874,3419.904940843582
1991840,1741,1140.0,1670,3426.0921795368195
1993472,1742,1585.0,1775,3429.82891869545
1997856,1743,4650.0,4637,3439.8901109695435
1998752,1744,600.0,757,3441.958161830902
1999456,1745,3065.0,3345,3443.585835456848
1999456,1746,3020.0,3687,3443.585835456848
2002240,1747,1130.0,1520,3466.521852493286
2004512,1748,1400.0,1347,3471.7786314487457
2004992,1749,2495.0,2784,3472.8918800354004
2005952,1750,2725.0,3114,3475.085491657257
2006944,1751,1435.0,1583,3477.3529114723206
2008000,1752,2695.0,2924,3479.7670431137085
2012544,1753,3490.0,3251,3490.5665531158447
2014432,1754,2775.0,2724,3495.2178802490234
2015296,1755,1295.0,1501,3497.230970621109
2016096,1756,1235.0,1490,3499.0975267887115
2016704,1757,545.0,726,3500.5200695991516
2018208,1758,2835.0,2591,3504.0236897468567
2020800,1759,2410.0,2447,3510.1702308654785
2023264,1760,1150.0,1482,3515.9960746765137
2024320,1761,1175.0,1567,3518.495685815811
2024384,1762,3150.0,2834,3518.6388278007507
2031168,1763,1005.0,757,3534.70649600029
2033280,1764,2705.0,2975,3539.651611328125
2036096,1765,1785.0,2071,3546.209440946579
2038368,1766,575.0,696,3551.4830033779144
2039616,1767,2430.0,2766,3554.4042797088623
2040704,1768,3965.0,3876,3556.9892666339874
2042080,1769,1205.0,1354,3560.135418176651
2043968,1770,1780.0,2163,3564.4536485671997
2047168,1771,515.0,825,3571.8093621730804
2047744,1772,3345.0,3480,3573.131587266922
2056256,1773,1400.0,1574,3592.862323284149
2062368,1774,1775.0,2206,3607.0112664699554
2063840,1775,2830.0,2829,3610.4001021385193
2065536,1776,610.0,674,3614.303629398346
2068256,1777,2235.0,2150,3620.577969312668
2071872,1778,3560.0,3481,3629.4482374191284
2075936,1779,2060.0,1982,3638.905730485916
2083552,1780,2160.0,2361,3656.7435455322266
2084640,1781,2465.0,2713,3659.2720668315887
2085504,1782,605.0,677,3661.367862701416
2086688,1783,1370.0,1471,3664.171364545822
2086976,1784,2490.0,2648,3664.8268282413483
2087808,1785,3370.0,3567,3666.732752084732
2092480,1786,3490.0,3350,3677.421497821808
2092864,1787,2860.0,2761,3678.2893421649933
2093792,1788,2060.0,2204,3680.410632133484
2095072,1789,1945.0,2210,3683.341245651245
2096064,1790,1230.0,1511,3685.6116003990173
2097472,1791,3425.0,3386,3688.8272156715393
2097632,1792,1210.0,1579,3689.1981530189514
2099424,1793,3590.0,3125,3693.3041636943817
2099488,1794,1860.0,1983,3693.4553191661835
2100864,1795,2600.0,2703,3696.6187858581543
2101952,1796,2385.0,2618,3699.1039702892303
2102976,1797,2405.0,2698,3701.445914030075
2105056,1798,1375.0,1526,3706.2080438137054
2105152,1799,545.0,676,3706.4284467697144
2107072,1800,1775.0,2149,3710.8192615509033
2109568,1801,1860.0,2154,3716.512043952942
2111392,1802,605.0,737,3720.686785697937
2112768,1803,2710.0,2552,3723.841022491455
2112928,1804,2740.0,3053,3724.2046661376953
2120224,1805,605.0,786,3740.9140820503235
2120576,1806,2935.0,2728,3741.727460384369
2121760,1807,575.0,696,3744.438109397888
2128736,1808,1385.0,1314,3760.408987760544
2130720,1809,1380.0,1413,3764.95680308342
2131168,1810,540.0,753,3765.988332271576
2134560,1811,4140.0,4051,3773.769320011139
2140480,1812,3575.0,3076,3787.397716522217
2143136,1813,605.0,668,3793.4897100925446
2143520,1814,4600.0,3727,3794.3666367530823
2151232,1815,2460.0,2679,3812.1022033691406
2155712,1816,2365.0,2494,3822.411191701889
2161440,1817,1555.0,1761,3835.6157903671265
2167136,1818,1860.0,2117,3848.7043187618256
2167776,1819,3740.0,3295,3850.165078163147
2168320,1820,1860.0,2075,3851.4190888404846
2171392,1821,3650.0,3225,3858.4966156482697
2173408,1822,2415.0,2776,3863.132751941681
2174048,1823,2010.0,2390,3864.614066362381
2174368,1824,2790.0,2732,3865.355611562729
2174752,1825,1175.0,1363,3866.228757619858
2176960,1826,3925.0,3285,3871.3037545681
2177376,1827,2770.0,2653,3872.267239332199
2178304,1828,2490.0,2422,3874.4038729667664
2180192,1829,890.0,1160,3878.7393474578857
2182592,1830,2935.0,2705,3884.250332593918
2185632,1831,1155.0,1316,3891.2086403369904
2186784,1832,3770.0,2935,3893.8356232643127
2186944,1833,2960.0,2913,3894.2136948108673
2190240,1834,2695.0,2729,3901.77059006691
2192064,1835,810.0,779,3906.017486810684
2193312,1836,2740.0,2617,3908.9595098495483
2195552,1837,2910.0,2830,3914.2889363765717
2200224,1838,605.0,808,3925.0655534267426
2202688,1839,2325.0,2313,3930.6382026672363
2203360,1840,2720.0,2589,3932.169406414032
2203968,1841,3130.0,2850,3933.567996740341
2208288,1842,2465.0,2305,3943.469207048416
2209024,1843,3170.0,2775,3945.1476912498474
2209184,1844,1405.0,1492,3945.5182514190674
2213536,1845,2735.0,2589,3955.6315743923187
2214176,1846,1205.0,1433,3957.1244003772736
2216384,1847,1235.0,1520,3962.253078699112
2216736,1848,1175.0,1335,3963.074655532837
2220160,1849,775.0,879,3971.0433564186096
2226592,1850,3755.0,3554,3986.0651199817657
2227488,1851,2205.0,2384,3988.1705775260925
2233664,1852,4000.0,3823,4002.7277686595917
2235136,1853,4630.0,4304,4008.3485827445984
2238336,1854,2740.0,3059,4015.8284854888916
2239680,1855,1390.0,1654,4019.179571390152
2254080,1856,3265.0,3075,4077.755274295807
2256384,1857,2075.0,2383,4083.1478893756866
2259072,1858,2980.0,2741,4089.483969449997
2259360,1859,1550.0,1598,4090.1462364196777
2261120,1860,2495.0,2589,4094.237740755081
2262208,1861,2645.0,2489,4096.718500852585
2263552,1862,2730.0,2694,4099.833861112595
2281280,1863,2165.0,2456,4140.3014879226685
2283680,1864,3345.0,3446,4145.733087778091
2289088,1865,3735.0,3235,4157.959726333618
2290816,1866,3565.0,3248,4161.905126810074
2291904,1867,2895.0,2768,4164.392128229141
2295488,1868,2435.0,2461,4172.51889872551
2295616,1869,2750.0,2565,4172.8110320568085
2295808,1870,3210.0,3205,4173.238469362259
2296480,1871,3090.0,3009,4174.849983453751
2298240,1872,3495.0,3210,4178.910908937454
2299136,1873,2270.0,2241,4180.944881916046
2300224,1874,4250.0,3439,4183.396397352219
2302784,1875,1205.0,1302,4189.182924985886
2303776,1876,1205.0,1397,4191.500294685364
2305056,1877,4420.0,4074,4194.512492179871
2305472,1878,2830.0,2855,4195.472496747971
2308448,1879,4845.0,4110,4202.400803565979
2308864,1880,2935.0,2892,4203.379065275192
2313280,1881,3370.0,3258,4222.524173259735
2313376,1882,3535.0,3257,4222.736590147018
2318656,1883,2720.0,2610,4234.973244428635
2321696,1884,2705.0,2753,4242.049419641495
2323040,1885,2400.0,2649,4245.20313334465
2323232,1886,2060.0,2161,4245.663070678711
2337888,1887,1385.0,1525,4279.950444698334
2342912,1888,4195.0,3837,4291.7916831970215
2345888,1889,1790.0,2020,4298.771040439606
2348960,1890,2970.0,2669,4306.049071788788
2349184,1891,4380.0,3833,4306.55379986763
2351616,1892,1430.0,1527,4312.299725294113
2354208,1893,1795.0,1831,4318.343772411346
2362880,1894,3245.0,3237,4338.278225898743
2368448,1895,2010.0,1875,4351.160580396652
2368992,1896,3290.0,3339,4352.435590267181
2369408,1897,1865.0,1999,4353.402279853821
2381248,1898,2690.0,2595,4381.042493343353
2385120,1899,5415.0,4547,4390.106135845184
2385216,1900,1835.0,1944,4390.328213214874
2387040,1901,2915.0,2715,4394.55991268158
2390016,1902,3215.0,3068,4401.41859960556
2392704,1903,2975.0,2925,4407.737279653549
2392832,1904,3765.0,3043,4408.021338939667
2393504,1905,6740.0,5924,4409.5687437057495
2400128,1906,2725.0,2852,4424.8803923130035
2401408,1907,3980.0,3456,4427.950813770294
2403392,1908,3955.0,3743,4432.573191642761
2405056,1909,3380.0,3415,4436.3294632434845
2405376,1910,605.0,754,4437.058699607849
2406976,1911,3600.0,3186,4440.681460142136
2408672,1912,5665.0,4759,4444.51869058609
2418784,1913,1145.0,1575,4467.398016691208
2419136,1914,3980.0,3834,4468.191593408585
2419136,1915,3330.0,3307,4468.191593408585
2422272,1916,3615.0,3705,4475.329810142517
2426560,1917,1805.0,2263,4485.000843048096
2430496,1918,3980.0,3664,4493.971149921417
2431392,1919,2925.0,2766,4496.029722452164
2435840,1920,2790.0,2709,4506.37931394577
2438240,1921,3725.0,3137,4511.963219642639
2439520,1922,4180.0,3778,4514.945649147034
2442112,1923,2735.0,3009,4521.080997943878
2450368,1924,2465.0,2735,4540.416728019714
2450720,1925,3695.0,3181,4541.275105476379
2452032,1926,4095.0,4027,4544.337649345398
2456704,1927,1230.0,1555,4555.243407964706
2460736,1928,2265.0,2365,4564.757079601288
2461600,1929,1725.0,1923,4566.786466836929
2474048,1930,3520.0,3285,4596.006290197372
2474400,1931,1575.0,1631,4596.83252120018
2476704,1932,1805.0,2128,4602.1854639053345
2478656,1933,3140.0,2662,4606.698324203491
2482528,1934,4560.0,4092,4615.7776391506195
2482784,1935,2965.0,2812,4616.360535860062
2483936,1936,2660.0,2581,4619.039340257645
2486304,1937,3565.0,3161,4624.544969320297
2487680,1938,4405.0,3698,4627.764803647995
2493728,1939,4370.0,3334,4641.917012453079
2494656,1940,1095.0,1386,4644.087874412537
2497152,1941,3095.0,2932,4649.912751197815
2502208,1942,1230.0,1296,4678.450571060181
2507328,1943,3605.0,3198,4690.2738609313965
2510368,1944,2740.0,2620,4697.342447519302
2511840,1945,2495.0,2544,4700.748375654221
2517984,1946,2405.0,2707,4714.932945013046
2518368,1947,3550.0,3101,4715.819036722183
2520544,1948,7545.0,6216,4720.92325592041
2523232,1949,2715.0,2617,4727.123963832855
2526208,1950,4655.0,4257,4734.124009132385
2529248,1951,2715.0,2845,4741.1491622924805
2535392,1952,2735.0,2606,4755.296893119812
2542336,1953,1605.0,1491,4771.313827037811
2544160,1954,5455.0,4735,4775.5220420360565
2550272,1955,2445.0,2382,4789.602694511414
2555456,1956,2625.0,2118,4801.542633295059
2557472,1957,4190.0,3803,4806.178112030029
2557984,1958,3365.0,3012,4807.3517508506775
2559136,1959,1800.0,1938,4810.002029657364
2560288,1960,2750.0,2432,4812.643001794815
2579424,1961,4130.0,3837,4856.816615581512
2584064,1962,2695.0,2824,4867.220481872559
2585824,1963,1205.0,1360,4871.1455273628235
2586496,1964,3820.0,3433,4872.6516625881195
2587392,1965,1310.0,1627,4874.647967576981
2588608,1966,5890.0,5296,4877.378710508347
2589312,1967,1810.0,1974,4878.964621782303
2590848,1968,2995.0,2771,4882.408663272858
2591424,1969,4205.0,3396,4883.686827421188
2592576,1970,6730.0,5852,4886.287863254547
2595040,1971,7090.0,5509,4891.9864864349365
2595296,1972,5635.0,4520,4892.601282596588
2595904,1973,2610.0,2629,4894.036549568176
2597632,1974,3510.0,3480,4897.999568939209
2603520,1975,1230.0,1502,4911.529597759247
2607552,1976,2065.0,1982,4920.827429294586
2615008,1977,6075.0,5405,4937.530198335648
2616480,1978,545.0,748,4940.840468883514
2616832,1979,3895.0,3424,4941.622492790222
2621632,1980,5390.0,4470,4952.41934800148
2622528,1981,3475.0,2916,4954.478895664215
2630400,1982,3935.0,3753,4972.197644233704
2635808,1983,4045.0,3683,4984.335722923279
2636864,1984,600.0,683,4992.409137248993
2640960,1985,3150.0,2521,5001.692808628082
2645024,1986,2945.0,2737,5010.794024944305
2646880,1987,1430.0,1355,5014.998989582062
2655104,1988,4815.0,4274,5033.623146057129
2657312,1989,4990.0,4192,5038.621755123138
2658752,1990,1345.0,1321,5041.901432275772
2660160,1991,1440.0,1354,5045.111177444458
2660640,1992,1835.0,2043,5046.214660644531
2666240,1993,4045.0,3625,5059.222161769867
2669504,1994,2720.0,2594,5066.765711784363
2670400,1995,2465.0,2328,5068.880470991135
2672032,1996,6185.0,4735,5072.675404310226
2672384,1997,2730.0,2706,5073.512338399887
2675232,1998,8730.0,5978,5080.099136352539
2676160,1999,4265.0,3695,5082.235622882843
2680448,2000,2695.0,2800,5094.0273406505585
2683328,2001,3445.0,3000,5100.529824018478
2685344,2002,7930.0,6594,5105.065068244934
2687488,2003,605.0,854,5109.8889336586
2694528,2004,2490.0,2280,5126.198546886444
2695648,2005,5030.0,4266,5128.769794225693
2700544,2006,4420.0,3642,5140.100256681442
2702688,2007,3350.0,3284,5145.043749570847
2704672,2008,1285.0,1435,5149.663907527924
2706656,2009,2140.0,2216,5154.298048734665
2712128,2010,2795.0,2554,5166.99792265892
2713696,2011,4380.0,3889,5170.615157365799
2715040,2012,3665.0,3751,5173.720946788788
2718848,2013,1430.0,1453,5182.563387870789
2722880,2014,4610.0,4109,5191.889859199524
2724288,2015,3355.0,2732,5195.144857883453
2724416,2016,5225.0,4533,5195.444919586182
2732480,2017,4320.0,3905,5214.03688788414
2733312,2018,1805.0,2096,5215.944864749908
2736672,2019,3265.0,2992,5223.662960290909
2745472,2020,2755.0,2652,5243.9756116867065
2745664,2021,3100.0,2832,5244.441108226776
2746624,2022,1240.0,1373,5246.659210443497
2750016,2023,6465.0,5046,5254.460959434509
2759104,2024,1230.0,1420,5308.785851240158
2759296,2025,1890.0,1991,5309.221061468124
2768928,2026,2805.0,2547,5330.919801712036
2769088,2027,3010.0,2905,5331.282026290894
2770272,2028,4765.0,3916,5335.7522695064545
2770336,2029,3920.0,3074,5335.911035299301
2774976,2030,2250.0,2328,5346.651134967804
2776864,2031,3740.0,3178,5351.075060606003
2780064,2032,4700.0,3838,5358.509028196335
2780352,2033,3565.0,3032,5359.185795068741
2783840,2034,2665.0,2476,5367.306143522263
2784096,2035,4830.0,4290,5367.904156208038
2788224,2036,6445.0,5179,5377.553845405579
2788640,2037,3495.0,2941,5378.530465364456
2788992,2038,2250.0,2404,5379.357231616974
2792576,2039,805.0,739,5387.7362408638
2792672,2040,1200.0,1439,5387.956921339035
2796416,2041,2065.0,1869,5396.850561618805
2798304,2042,2460.0,2357,5401.287052869797
2803200,2043,4795.0,4179,5412.841649055481
2808064,2044,1200.0,1218,5424.379715919495
2810880,2045,5035.0,4078,5431.076611042023
2813024,2046,610.0,751,5436.104855537415
2814784,2047,5335.0,4514,5440.179075479507
2817856,2048,1230.0,1487,5447.384026050568
2819552,2049,3125.0,3149,5451.369703531265
2824800,2050,3525.0,2859,5463.68989443779
2827328,2051,2705.0,2558,5469.565884113312
2831040,2052,2875.0,2532,5477.920397043228
2837760,2053,4810.0,3836,5493.27613401413
2844512,2054,2490.0,2319,5508.480925798416
2845952,2055,2700.0,2708,5511.717208862305
2847712,2056,1230.0,1391,5515.684698581696
2858816,2057,1200.0,1376,5540.87127661705
2859328,2058,6515.0,5439,5542.067391395569
2861920,2059,4780.0,4046,5548.002712488174
2863360,2060,2720.0,2605,5551.288028717041
2868064,2061,5155.0,4489,5561.945367097855
2868576,2062,2545.0,2500,5563.106231451035
2871392,2063,5615.0,4599,5569.534117221832
2872960,2064,2305.0,2511,5573.098844528198
2873632,2065,2490.0,2354,5574.629216194153
2874592,2066,2735.0,2563,5576.819876909256
2876960,2067,3330.0,3189,5582.182422637939
2881344,2068,3005.0,2912,5592.113495588303
2882048,2069,2725.0,2677,5593.7666392326355
2884032,2070,3395.0,3133,5598.246275186539
2885312,2071,605.0,812,5601.105927705765
2888128,2072,1205.0,1363,5607.451323032379
2888416,2073,1400.0,1327,5608.090715885162
2892224,2074,1770.0,1703,5616.657336235046
2899488,2075,2765.0,2771,5633.005225658417
2900544,2076,2740.0,2533,5635.412759304047
2906464,2077,6040.0,4606,5648.881645679474
2906912,2078,4980.0,3840,5649.874477148056
2912832,2079,9160.0,6444,5663.710471391678
2920800,2080,3290.0,3002,5682.225083827972
2920800,2081,2530.0,2286,5682.225083827972
2926016,2082,1860.0,1958,5694.1595804691315
2936576,2083,5200.0,4018,5718.383607625961
2939872,2084,6070.0,4987,5726.059880971909
2944416,2085,2630.0,2580,5736.801044464111
2944864,2086,4815.0,4122,5737.83581829071
2946144,2087,2890.0,2336,5740.854066371918
2946592,2088,3185.0,2745,5741.916543960571
2951200,2089,2755.0,2394,5752.829535484314
2953216,2090,1860.0,2034,5757.619429826736
2965824,2091,2900.0,2558,5787.129722595215
2966432,2092,1230.0,1426,5788.548679590225
2968448,2093,2375.0,2155,5793.269323348999
2968800,2094,2735.0,2512,5794.110857725143
2972640,2095,5670.0,4426,5803.069868564606
2973088,2096,2935.0,2846,5804.174859046936
2978304,2097,1430.0,1304,5816.390446424484
2979680,2098,9855.0,7315,5819.629787445068
2981056,2099,3425.0,2994,5822.895201206207
2984160,2100,7185.0,5199,5830.231593132019
2984192,2101,4410.0,3613,5830.311034440994
2985824,2102,2945.0,2480,5834.158415794373
2990624,2103,600.0,757,5845.444059371948
2991328,2104,545.0,584,5847.093265771866
2993312,2105,3855.0,3160,5851.77526140213
2993920,2106,4260.0,3656,5853.225586891174
2994848,2107,605.0,815,5855.431766748428
2998464,2108,4700.0,3903,5863.937626123428
3006368,2109,10045.0,7174,5900.1248660087585
3016864,2110,5390.0,4236,5927.030695438385
3018368,2111,1140.0,1562,5930.570475816727
3022464,2112,1540.0,1771,5940.327402830124
3023040,2113,2920.0,2599,5941.681735754013
3023168,2114,1345.0,1361,5941.973607540131
3024160,2115,2935.0,2478,5944.275168418884
3025088,2116,2490.0,2247,5946.436802387238
3027168,2117,4935.0,3957,5951.2974553108215
3027264,2118,3565.0,3165,5951.528767585754
3029216,2119,4390.0,3639,5956.140037059784
3035072,2120,2430.0,2765,5969.877637147903
3035328,2121,6030.0,5075,5970.468914270401
3036928,2122,9405.0,6551,5974.125508546829
3045280,2123,600.0,691,5993.163975954056
3048352,2124,775.0,662,6000.076043844223
3048928,2125,5715.0,4440,6001.375642299652
3069344,2126,5270.0,4644,6048.757244586945
3076032,2127,600.0,963,6064.138016462326
3085152,2128,3555.0,3155,6084.834884405136
3088256,2129,5375.0,4443,6091.8431651592255
3089344,2130,3950.0,3236,6094.278915166855
3090624,2131,5655.0,4571,6097.170998811722
3092064,2132,2190.0,2175,6100.417335987091
3097440,2133,4405.0,3207,6112.58797955513
3098656,2134,3340.0,3133,6115.325335741043
3099392,2135,1830.0,2195,6116.996644020081
3101504,2136,2060.0,2018,6121.755838871002
3103232,2137,4200.0,3520,6125.657146692276
3113312,2138,2740.0,2822,6148.461290836334
3113984,2139,6290.0,5089,6149.959747076035
3117856,2140,1175.0,1308,6158.6515374183655
3121120,2141,3610.0,3031,6202.174947500229
3126080,2142,4565.0,4132,6213.406571626663
3126272,2143,4355.0,3749,6213.848973274231
3127520,2144,4625.0,4195,6216.662403583527
3134464,2145,3870.0,3630,6232.427008867264
3135072,2146,2465.0,2712,6233.81569981575
3135712,2147,3570.0,2713,6235.2578139305115
3140512,2148,4755.0,3866,6246.1018850803375
3145440,2149,11745.0,8670,6257.218011379242
3150272,2150,6940.0,5193,6268.119119167328
3155040,2151,1230.0,1304,6278.978598356247
3163104,2152,5580.0,4313,6297.195967435837
3165216,2153,4675.0,4061,6301.989612579346
3166656,2154,7905.0,5887,6305.2595863342285
3167584,2155,2490.0,2577,6307.43826508522
3171904,2156,7330.0,5645,6317.248043060303
3172192,2157,2610.0,2298,6317.895970582962
3173344,2158,2765.0,2246,6320.472379922867
3179104,2159,3005.0,2767,6333.361048936844
3190624,2160,2080.0,2018,6359.843181610107
3208992,2161,3090.0,2746,6403.175741195679
3212512,2162,2060.0,2250,6411.656954526901
3216704,2163,2700.0,2531,6421.826266050339
3218624,2164,1865.0,1735,6426.373347520828
3223328,2165,3955.0,3298,6437.685615539551
3226944,2166,2005.0,1711,6446.388657093048
3243328,2167,6610.0,4499,6485.262677907944
3244576,2168,2695.0,2227,6488.195832490921
3244832,2169,6225.0,4895,6488.796339511871
3254112,2170,3320.0,2733,6539.120263338089
3254432,2171,4325.0,3107,6539.85857629776
3254528,2172,2990.0,2583,6540.080264806747
3259168,2173,4640.0,3880,6550.931106328964
3259776,2174,1240.0,1286,6552.338345527649
3260416,2175,12765.0,8981,6553.847559452057
3263552,2176,3395.0,3000,6561.283538579941
3267232,2177,8530.0,6186,6569.867481708527
3267328,2178,2605.0,2397,6570.1010065078735
3273440,2179,6555.0,4983,6584.244186878204
3274592,2180,5415.0,4037,6586.937384128571
3276064,2181,7140.0,5584,6590.234295368195
3281440,2182,4250.0,3633,6602.323971033096
3281696,2183,8130.0,5927,6602.884803533554
3284064,2184,13060.0,9471,6608.214092254639
3287584,2185,10605.0,7893,6616.117970466614
3299840,2186,1430.0,1429,6644.221735715866
3303264,2187,5645.0,4782,6652.080763339996
3328736,2188,10520.0,7483,6710.5435910224915
3329056,2189,4750.0,3753,6711.291985273361
3335072,2190,4710.0,3701,6725.086195707321
3335488,2191,8930.0,6501,6726.040331602097
3336320,2192,3990.0,3532,6727.955997467041
3338496,2193,2045.0,1953,6732.946295261383
3340992,2194,2755.0,2518,6738.659029960632
3341344,2195,13400.0,9817,6739.477286338806
3342816,2196,2750.0,2478,6742.868110179901
3344736,2197,3520.0,2823,6747.307155132294
3345888,2198,3950.0,3207,6749.9387238025665
3348448,2199,3950.0,3238,6755.813005924225
3349280,2200,2930.0,2562,6757.710204124451
3363616,2201,4520.0,3722,6790.62011551857
3364064,2202,605.0,664,6791.645916700363
3371584,2203,2780.0,2737,6808.953181028366
3373248,2204,8015.0,6069,6812.761551856995
3373344,2205,3490.0,3124,6812.981970787048
3374688,2206,4390.0,3612,6816.074040174484
3378144,2207,10295.0,7617,6824.010922908783
3378784,2208,1485.0,1556,6825.490758657455
3381088,2209,11190.0,7965,6830.796612262726
3387488,2210,3360.0,3124,6845.5053379535675
3391136,2211,4935.0,4107,6853.899745225906
3395456,2212,12680.0,9134,6863.825283527374
3405216,2213,2380.0,2155,6886.336678981781
3406048,2214,4620.0,3894,6888.235591650009
3409440,2215,1720.0,1988,6896.056060791016
3412000,2216,8815.0,6236,6901.95180273056
3425888,2217,3075.0,2655,6933.9706218242645
3428960,2218,3120.0,2922,6941.016566753387
3429664,2219,4060.0,3156,6942.631824493408
3435968,2220,6715.0,5274,6957.159965991974
3440736,2221,2085.0,2163,6968.108777523041
3450368,2222,7130.0,5495,6990.226699113846
3451424,2223,5870.0,4737,6992.64608335495
3461216,2224,4810.0,3641,7015.080134868622
3461824,2225,4850.0,3962,7016.474560022354
3462080,2226,4625.0,3863,7017.0663249492645
3463264,2227,3390.0,3101,7019.775142431259
3465824,2228,1865.0,1868,7025.650762081146
3466272,2229,8350.0,5769,7026.674645423889
3480480,2230,4380.0,3351,7059.316304922104
3486848,2231,11455.0,8124,7073.969224691391
3496480,2232,4605.0,3698,7096.112873077393
3498752,2233,4955.0,3920,7101.335845947266
3500128,2234,5500.0,4268,7139.583406686783
3511872,2235,1205.0,1439,7166.597374200821
3516576,2236,5895.0,4236,7177.377677440643
3519744,2237,1935.0,2170,7184.6487736701965
3529472,2238,4705.0,3884,7206.907715320587
3534720,2239,3665.0,3283,7218.887033462524
3536896,2240,3410.0,3006,7223.820867061615
3542368,2241,6530.0,4728,7236.135336637497
3547104,2242,2170.0,2084,7246.7347848415375
3548576,2243,13585.0,9191,7250.02149438858
3550400,2244,3595.0,2629,7254.130656957626
3555872,2245,575.0,593,7266.4041476249695
3561920,2246,8760.0,5853,7279.954369068146
3563424,2247,2325.0,1978,7283.324608802795
3576960,2248,1175.0,1321,7313.722576141357
3577376,2249,5810.0,4421,7314.651329278946
3580864,2250,745.0,781,7322.493719577789
3582016,2251,10460.0,7275,7325.093448400497
3588576,2252,3720.0,3180,7339.84996843338
3598944,2253,1865.0,1769,7363.095866680145
3604768,2254,11400.0,8012,7376.182984113693
3608192,2255,6205.0,4531,7383.874975681305
3610752,2256,9615.0,6292,7389.636664152145
3619328,2257,6855.0,4943,7408.853822469711
3621184,2258,4205.0,3271,7413.030693054199
3625856,2259,3120.0,2360,7423.506744384766
3627552,2260,3860.0,3067,7427.300203800201
3627968,2261,7765.0,5518,7428.245778083801
3632544,2262,12280.0,7932,7438.500895023346
3636672,2263,13585.0,9231,7447.755660295486
3638880,2264,9225.0,6561,7452.73588681221
3641312,2265,11565.0,7685,7458.206377744675
3645024,2266,10635.0,7284,7466.561070203781
3645696,2267,11710.0,8071,7468.082426786423
3647072,2268,5380.0,3981,7471.156303882599
3659616,2269,7040.0,5029,7499.231803417206
3660384,2270,11125.0,7330,7500.975659370422
3669312,2271,1750.0,1912,7521.013741731644
3669856,2272,6460.0,4939,7522.218578338623
3675680,2273,3565.0,2963,7535.2793254852295
3676384,2274,2740.0,2745,7536.866906881332
3682944,2275,5880.0,4199,7551.580567359924
3687264,2276,3295.0,2578,7561.285490989685
3688896,2277,1175.0,1488,7564.943395137787
3690656,2278,2145.0,2026,7568.900367975235
3693472,2279,18180.0,12196,7575.210905075073
3694176,2280,5190.0,4135,7576.782635211945
3696864,2281,5495.0,4172,7582.801221132278
3697472,2282,1865.0,1831,7584.166380882263
3707808,2283,11365.0,7688,7607.318138122559
3712032,2284,5215.0,4210,7616.770471334457
3713312,2285,1805.0,1678,7619.639766216278
3733824,2286,6920.0,4904,7665.654804229736
3735072,2287,5615.0,4256,7668.461761474609
3749632,2288,11430.0,7913,7701.166757822037
3752640,2289,3395.0,2883,7737.526723146439
3756416,2290,2140.0,2056,7746.016738414764
3766240,2291,2435.0,2470,7768.200209856033
3774752,2292,4180.0,3280,7787.2896609306335
3775232,2293,2720.0,2700,7788.3597893714905
3778240,2294,1235.0,1390,7795.117602825165
3778528,2295,5475.0,4174,7795.748051166534
3786528,2296,2910.0,2461,7813.725342988968
3789472,2297,2745.0,2380,7820.333353281021
3792832,2298,1205.0,1256,7827.907233715057
3798304,2299,6440.0,4771,7840.206345796585
3802624,2300,7710.0,5187,7849.883236646652
3811648,2301,17015.0,10925,7870.1010501384735
3813984,2302,8275.0,6027,7875.349186420441
3819040,2303,8785.0,5830,7886.694965362549
3820448,2304,1230.0,1311,7889.85408949852
3820608,2305,6110.0,4508,7890.2022793293
3825216,2306,4955.0,3994,7900.530225515366
3828672,2307,5910.0,4204,7908.269261837006
3858720,2308,13260.0,8648,7975.795476675034
3860800,2309,2145.0,2125,7980.495208263397
3868224,2310,8205.0,5792,7997.2313911914825
3871744,2311,3570.0,3017,8005.167580842972
3874336,2312,3320.0,2376,8011.0385389328
3879872,2313,3390.0,2918,8023.4959127902985
3887712,2314,4090.0,3072,8041.165682077408
3891616,2315,5395.0,4227,8049.9967720508575
3904032,2316,6885.0,4827,8078.357095479965
3918944,2317,11020.0,7803,8112.298763751984
3919904,2318,10390.0,7078,8114.465599060059
3922208,2319,3680.0,3180,8119.682054042816
3922944,2320,8505.0,5871,8121.343728303909
3924512,2321,15060.0,9807,8124.915485620499
3926304,2322,12065.0,7833,8128.977324724197
3926848,2323,3750.0,3070,8130.230897903442
3926848,2324,14435.0,9342,8130.230897903442
3936640,2325,15075.0,9917,8152.6409339904785
3942432,2326,5285.0,3858,8165.9133043289185
3945120,2327,7285.0,5217,8172.069720983505
3945824,2328,8620.0,5612,8173.684915304184
3948640,2329,600.0,803,8180.116444826126
3951744,2330,19820.0,12647,8187.233857393265
3961056,2331,6285.0,4389,8208.690908670425
3961472,2332,3655.0,3146,8209.644813299179
3961920,2333,1205.0,1169,8210.679360866547
3963936,2334,8075.0,5914,8215.289989471436
3965376,2335,12080.0,7919,8218.590986251831
3967584,2336,6900.0,4873,8223.669736146927
3970752,2337,15650.0,10117,8230.950579166412
3994208,2338,14695.0,9293,8284.143131494522
3994656,2339,1860.0,1813,8285.142265796661
3998432,2340,4585.0,3460,8293.59990286827
4007264,2341,3975.0,3228,8351.465009450912
4007584,2342,5235.0,3992,8352.191754341125
4011008,2343,8535.0,5807,8359.862926244736
4026048,2344,1785.0,1898,8393.591421365738
4027520,2345,7500.0,5277,8396.892855167389
4029152,2346,19455.0,12552,8400.558783054352
4037408,2347,2335.0,2183,8419.042069196701
4037632,2348,1235.0,1343,8419.547689676285
4052512,2349,3385.0,2846,8452.859051704407
4055936,2350,8540.0,5868,8460.521291017532
4058912,2351,1475.0,1606,8467.18859052658
4070368,2352,1405.0,1339,8492.845939397812
4079904,2353,5370.0,4192,8514.196875095367
4082176,2354,5840.0,4174,8519.274349927902
4086176,2355,10050.0,6622,8528.236723423004
4092544,2356,2690.0,2550,8542.493561029434
4098560,2357,4015.0,3263,8556.000550985336
4108032,2358,8620.0,5881,8577.195102930069
4109280,2359,10450.0,6802,8579.984649896622
4122912,2360,3295.0,2673,8610.59990119934
4135008,2361,5460.0,3993,8637.732935905457
4136832,2362,12030.0,8286,8641.813983678818
4140320,2363,1405.0,1306,8649.618511199951
4144832,2364,4835.0,3617,8659.747832536697
4148032,2365,3490.0,2786,8666.90529680252
4160768,2366,4360.0,3278,8695.422399044037
4166464,2367,12390.0,7737,8708.159408330917
4175584,2368,5615.0,4311,8728.633398294449
4176480,2369,12325.0,7803,8730.642453193665
4180736,2370,19275.0,11818,8740.211300373077
4181408,2371,11150.0,7179,8741.710030555725
4181504,2372,5590.0,4033,8741.930960178375
4187360,2373,1360.0,1581,8755.040221691132
4202720,2374,575.0,687,8789.475670576096
4204832,2375,10020.0,6452,8794.207547903061
4206688,2376,1965.0,2076,8798.353953123093
4207776,2377,12690.0,8293,8800.794557332993
4208928,2378,5880.0,3836,8803.371429920197
4214240,2379,12770.0,8411,8815.299985647202
4233216,2380,21365.0,13103,8857.909177541733
4236032,2381,2690.0,2354,8864.194269895554
4236544,2382,2435.0,2192,8865.352947711945
4237792,2383,4980.0,3592,8868.14416718483
4241472,2384,6440.0,4656,8876.3892390728
4251008,2385,6380.0,4431,8937.066313743591
4252160,2386,11420.0,7068,8939.62950539589
4254464,2387,4550.0,3426,8944.783430337906
4265280,2388,2940.0,2436,8969.05413556099
4269408,2389,2090.0,2019,8978.331516504288
4274912,2390,5900.0,4372,8990.668090581894
4275104,2391,2220.0,2069,8991.094661951065
4275488,2392,1235.0,1217,8991.959270954132
4275680,2393,16360.0,9807,8992.39263677597
4275968,2394,4010.0,3111,8993.032479524612
4280192,2395,2465.0,2264,9002.498527765274
4280544,2396,18705.0,11198,9003.280805110931
4284128,2397,16090.0,10098,9011.320330619812
4291264,2398,10185.0,6536,9027.282645225525
4304608,2399,605.0,640,9057.162506103516
4308864,2400,12425.0,7455,9066.67829823494
4310624,2401,19020.0,11995,9070.632895946503
4317920,2402,1430.0,1339,9086.97466993332
4319072,2403,2530.0,2128,9089.56720662117
4347136,2404,2465.0,2259,9152.48697924614
4368544,2405,3935.0,3229,9200.467401981354
4370464,2406,20110.0,12493,9204.77120923996
4373856,2407,2070.0,2032,9212.36117196083
4377280,2408,11435.0,7166,9220.037733316422
4379424,2409,5580.0,4313,9224.844754695892
4385376,2410,6770.0,4669,9238.17433977127
4386432,2411,4580.0,3453,9240.542127132416
4388128,2412,2435.0,2196,9244.345990657806
4394688,2413,24830.0,14639,9259.127390384674
4395104,2414,6270.0,4396,9260.066376447678
4398304,2415,5085.0,3840,9267.270495176315
4404960,2416,8160.0,5368,9282.292499303818
4408064,2417,9530.0,6295,9289.283852815628
4410272,2418,12180.0,7335,9294.250366687775
4410368,2419,10950.0,7153,9294.471314430237
4419136,2420,4010.0,3128,9314.271820545197
4440192,2421,18670.0,11261,9361.661384344101
4447104,2422,13400.0,8305,9377.20762848854
4452096,2423,1230.0,1305,9388.470647335052
4465536,2424,7075.0,5030,9418.71300625801
4469376,2425,2900.0,2222,9427.338215589523
4488032,2426,14460.0,8916,9469.302979946136
4491072,2427,11850.0,7468,9476.138279676437
4494656,2428,6675.0,4612,9484.1850669384
4496064,2429,3790.0,2750,9487.36543226242
4510176,2430,4785.0,3598,9585.719151735306
4511776,2431,11570.0,7228,9589.304944753647
4518880,2432,13800.0,8785,9605.230153560638
4529184,2433,6930.0,4462,9628.294685602188
4554208,2434,7990.0,5192,9684.288307189941
4555936,2435,9110.0,5798,9688.144607782364
4556032,2436,8385.0,5521,9688.365174770355
4559680,2437,13855.0,8877,9696.531321525574
4560128,2438,23850.0,14130,9697.532025575638
4561984,2439,1775.0,1571,9701.695301532745
4566144,2440,4980.0,3566,9710.993741512299
4568704,2441,18720.0,11079,9716.727554798126
4571456,2442,32435.0,18987,9722.891743421555
4576448,2443,13380.0,8309,9734.083397388458
4578944,2444,10685.0,6577,9739.664699077606
4582432,2445,3750.0,2745,9747.481314659119
4593248,2446,16350.0,9784,9771.705431222916
4595008,2447,7680.0,4840,9775.63177061081
4608000,2448,17355.0,10583,9804.724519968033
4610816,2449,6125.0,3837,9811.022307395935
4622848,2450,11310.0,7132,9838.0033659935
4623328,2451,12600.0,7798,9839.075439929962
4632704,2452,12830.0,7983,9860.090941667557
4637856,2453,12200.0,7280,9871.61547446251
4638368,2454,2665.0,2178,9872.76737999916
4645856,2455,1230.0,1183,9889.55468416214
4663616,2456,6410.0,4203,9929.34580540657
4663648,2457,1235.0,1276,9929.4250061512
4666496,2458,9605.0,6282,9935.808733940125
4676416,2459,13855.0,8319,9958.142786979675
4676576,2460,13310.0,8047,9958.494089126587
4678784,2461,5560.0,3838,9963.459888458252
4686048,2462,10310.0,6093,9979.75499010086
4686464,2463,5900.0,4135,9980.683631420135
4687584,2464,9270.0,5987,9983.205992937088
4693376,2465,3455.0,2582,9996.202450275421
4696192,2466,3175.0,2277,10002.541746377945
4700768,2467,16720.0,9858,10012.798158168793
4702560,2468,5665.0,3943,10016.810362815857
4706336,2469,7360.0,4571,10025.281762838364
4715360,2470,3380.0,2422,10045.517487764359
4716928,2471,7670.0,5033,10049.032468557358
4719712,2472,10330.0,6550,10055.275973320007
4720800,2473,6870.0,4435,10057.71826672554
4725088,2474,10675.0,6445,10067.335713624954
4732640,2475,4210.0,3123,10084.27540922165
4742880,2476,7305.0,4678,10107.284335136414
4746080,2477,3030.0,2578,10114.472104549408
4748800,2478,4230.0,3219,10120.579040527344
4770240,2479,26570.0,14970,10212.173829317093
4772928,2480,2955.0,2704,10218.229372501373
4785696,2481,2190.0,2029,10246.953670740128
4788768,2482,10540.0,6449,10253.865593671799
4791872,2483,1405.0,1533,10260.860124826431
4797952,2484,6415.0,4199,10274.530421257019
4800832,2485,4210.0,3072,10281.00258231163
4819680,2486,13275.0,8127,10323.412817001343
4822240,2487,570.0,669,10329.183415412903
4829728,2488,13860.0,8239,10346.098091602325
4830368,2489,7140.0,4739,10347.555188179016
4839168,2490,4625.0,3567,10367.474637031555
4843136,2491,2565.0,2195,10376.443079471588
4851424,2492,5580.0,3714,10395.190712213516
4853344,2493,11095.0,6720,10399.523543834686
4857664,2494,2690.0,2155,10409.283524513245
4862560,2495,2150.0,2020,10420.341804981232
4865824,2496,6930.0,4567,10427.7182097435
4866528,2497,6840.0,4726,10429.305787801743
4875904,2498,9785.0,5935,10450.528399944305
4879712,2499,2165.0,1876,10459.177733421326
4893824,2500,23110.0,13266,10490.937263727188
4894112,2501,11680.0,6804,10491.583203792572
4895744,2502,4520.0,3248,10495.239160299301
4898784,2503,16520.0,9495,10502.033859491348
4919808,2504,2775.0,2137,10549.265200853348
4920416,2505,10955.0,6864,10550.637881278992
4920800,2506,13230.0,7947,10551.502872943878
4925568,2507,11350.0,6522,10562.179046154022
4929376,2508,2970.0,2241,10570.722357988358
4931648,2509,1200.0,1122,10575.838147163391
4935808,2510,1135.0,1157,10585.173764944077
4935936,2511,9400.0,5849,10585.45612359047
4939328,2512,3750.0,3132,10593.092266082764
4946560,2513,3605.0,2625,10609.386787176132
4952704,2514,5900.0,3825,10623.180003643036
4959328,2515,13670.0,8313,10638.06415438652
4977376,2516,3380.0,2604,10678.585084915161
4977472,2517,1235.0,1298,10678.805590391159
4985504,2518,22620.0,12940,10696.855660915375
4991008,2519,31010.0,16999,10709.247061014175
4999808,2520,3265.0,2502,10729.034584522247
5000224,2521,6210.0,4180,10791.203029632568
5011968,2522,18385.0,10139,10817.679009914398
5027296,2523,2690.0,2124,10852.42408323288
5029472,2524,11020.0,6478,10857.343920469284
5037632,2525,9880.0,6080,10875.835438966751
5048672,2526,26480.0,15211,10900.824215888977
5055008,2527,1050.0,1347,10915.348605155945
5056896,2528,16180.0,9715,10919.662130117416
5061920,2529,9705.0,6129,10931.179959058762
5065376,2530,11135.0,6627,10939.084634780884
5070752,2531,2435.0,2205,10951.396973609924
5075552,2532,19760.0,11540,10962.383719921112
5083328,2533,6440.0,4502,10980.207576990128
5092000,2534,7815.0,5082,11000.078361272812
5098016,2535,2465.0,2142,11013.815722465515
5101312,2536,16610.0,9864,11021.362116336823
5104544,2537,8430.0,5275,11028.754019737244
5111040,2538,12410.0,7231,11043.64803647995
5118528,2539,14955.0,9027,11060.813459157944
5124448,2540,19040.0,11071,11074.409385204315
5138048,2541,2765.0,2380,11105.569871664047
5138112,2542,7610.0,4771,11105.717813014984
5142368,2543,11285.0,6925,11115.500971317291
5143264,2544,25940.0,14586,11117.556094646454
5147168,2545,4625.0,3425,11126.504353523254
5148320,2546,10265.0,6307,11129.145725250244
5149312,2547,8420.0,5371,11131.41681432724
5154048,2548,2355.0,2211,11142.29133105278
5157344,2549,15140.0,8797,11149.85278248787
5160320,2550,12310.0,7146,11156.661668300629
5170208,2551,7155.0,4468,11179.296562194824
5181408,2552,4640.0,3309,11204.90895152092
5182848,2553,1200.0,1402,11208.190818786621
5192352,2554,1405.0,1377,11229.92814040184
5195904,2555,10125.0,6130,11238.063777208328
5206048,2556,7810.0,4920,11261.27853512764
5213184,2557,2305.0,2065,11277.679281949997
5222176,2558,4325.0,3241,11298.277324914932
5227808,2559,5880.0,3853,11311.180138111115
5244736,2560,9885.0,5931,11349.947843551636
5246656,2561,31375.0,17204,11354.329285860062
5251424,2562,1115.0,1197,11438.54626750946
5257632,2563,2565.0,2339,11452.796605110168
5261632,2564,7735.0,5012,11461.956498622894
5268864,2565,18725.0,10730,11478.486689090729
5269888,2566,8190.0,4966,11480.827564239502
5270016,2567,15340.0,8721,11481.120298147202
5271744,2568,20510.0,11812,11485.075734376907
5271776,2569,1620.0,1552,11485.147171020508
5272864,2570,5090.0,3612,11487.638632774353
5278752,2571,6410.0,4236,11501.115602970123
5288032,2572,17835.0,9710,11522.36610174179
5300160,2573,865.0,980,11550.136836767197
5305952,2574,21305.0,12050,11563.388720750809
5327968,2575,13895.0,8039,11613.8364508152
5329344,2576,7775.0,4623,11616.986402273178
5339232,2577,6980.0,4592,11639.673815488815
5343584,2578,12225.0,6850,11649.643820285797
5344384,2579,9190.0,5444,11651.487820386887
5348000,2580,11125.0,6428,11659.766216993332
5350976,2581,2750.0,2259,11666.59934091568
5351616,2582,2760.0,2497,11668.06009054184
5352960,2583,13430.0,7969,11671.13385772705
5357632,2584,1745.0,1617,11681.695360660553
5359488,2585,22465.0,12714,11685.889661312103
5360160,2586,11940.0,6941,11687.414257526398
5366656,2587,14790.0,8585,11702.183088302612
5379104,2588,5690.0,3673,11730.369127035141
5382880,2589,11790.0,6957,11738.91609120369
5393408,2590,1240.0,1264,11762.774579524994
5400064,2591,7775.0,4794,11777.97218799591
5400288,2592,2460.0,2262,11778.481308221817
5401952,2593,1870.0,1686,11782.276220083237
5405248,2594,1170.0,1490,11789.827345609665
5405472,2595,9690.0,5552,11790.329576730728
5424960,2596,20100.0,11239,11834.954191446304
5426144,2597,4325.0,3027,11837.649147987366
5430368,2598,3400.0,2462,11847.31173658371
5432160,2599,2140.0,2047,11851.406361103058
5436864,2600,6555.0,4273,11862.171864271164
5450336,2601,2520.0,2228,11892.99194073677
5460928,2602,3390.0,2439,11917.284629583359
5463520,2603,2395.0,1984,11923.235862731934
5469984,2604,10520.0,6249,11938.047591924667
5470688,2605,14460.0,8272,11939.655245304108
5471392,2606,3305.0,2437,11941.272505044937
5473184,2607,4940.0,3555,11945.377134561539
5477504,2608,11250.0,6873,11955.262697458267
5497280,2609,7935.0,4941,12000.641881942749
5510528,2610,3290.0,2638,12084.076696872711
5517504,2611,12425.0,7173,12100.07089471817
5517696,2612,6110.0,3617,12100.512861967087
5517824,2613,1170.0,1395,12100.81241607666
5518816,2614,2205.0,1809,12103.087320566177
5521248,2615,5280.0,3782,12108.68544459343
5521280,2616,13800.0,7800,12108.74812579155
5522752,2617,3935.0,3058,12112.131706953049
5523200,2618,18710.0,10230,12113.156133651733
5524736,2619,3655.0,2748,12116.664126873016
5538528,2620,10050.0,6068,12148.22413277626
5543200,2621,9665.0,5720,12158.92028927803
5544512,2622,600.0,680,12161.917439699173
5546432,2623,9850.0,6110,12166.300247907639
5549888,2624,4865.0,3111,12174.243211984634
5551584,2625,22265.0,12572,12178.131556034088
5566528,2626,1775.0,1522,12212.315188407898
5569888,2627,4650.0,3078,12220.009187698364
5589760,2628,17750.0,9905,12265.522324085236
5600384,2629,3095.0,2586,12289.853385925293
5600704,2630,5645.0,3852,12290.590346097946
5603936,2631,18675.0,10441,12297.982649087906
5608000,2632,1235.0,1191,12307.288617372513
5609280,2633,31325.0,17264,12310.22236585617
5610304,2634,4785.0,3120,12312.572010755539
5614496,2635,2755.0,2375,12322.166219472885
5614624,2636,4210.0,3037,12322.464821577072
5617344,2637,5235.0,3752,12328.698663711548
5625376,2638,11880.0,6881,12347.095764160156
5634592,2639,4520.0,3543,12368.262972593307
5648480,2640,23225.0,12410,12400.042153835297
5651872,2641,9625.0,5664,12407.797196865082
5669984,2642,2920.0,2175,12449.286740541458
5675008,2643,2250.0,2024,12460.818493366241
5679456,2644,24815.0,13587,12471.008521318436
5682144,2645,6445.0,4242,12477.173418521881
5695520,2646,8730.0,5387,12507.764909982681
5699488,2647,14740.0,8355,12516.844461917877
5710080,2648,13710.0,7707,12541.136759281158
5711488,2649,8345.0,4999,12544.36365699768
5716864,2650,8830.0,5220,12556.672589063644
5736832,2651,15230.0,8341,12602.378741979599
5738368,2652,10590.0,6101,12605.884171009064
5749120,2653,12400.0,7199,12630.44741654396
5755616,2654,10455.0,5911,12686.380539655685
5756000,2655,18650.0,10178,12687.264048337936
5764672,2656,7810.0,4857,12707.127086639404
5768640,2657,12210.0,7005,12716.23804140091
5784608,2658,5255.0,3582,12752.828349113464
5787136,2659,3565.0,2740,12758.624882221222
5788192,2660,26580.0,13896,12761.050793886185
5789568,2661,14865.0,8387,12764.202300071716
5790176,2662,9325.0,5822,12765.59133720398
5790720,2663,14710.0,8314,12766.8372631073
5791360,2664,37115.0,19918,12768.302874803543
5792992,2665,10190.0,6011,12772.030838489532
5809792,2666,605.0,708,12810.451439619064
5810656,2667,6075.0,4102,12812.437564134598
5830752,2668,6130.0,3773,12858.423515796661
5831232,2669,7990.0,4884,12859.533657550812
5831520,2670,12795.0,6987,12860.201550245285
5832928,2671,1235.0,1249,12863.434218645096
5834944,2672,11910.0,6802,12868.071429491043
5838016,2673,2950.0,2294,12875.115973949432
5844992,2674,2960.0,2386,12891.133876562119
5851296,2675,13450.0,7402,12905.566870212555
5873856,2676,1200.0,1281,12957.243123531342
5876928,2677,11880.0,7035,12964.292124271393
5880800,2678,6700.0,4501,12973.174187898636
5887232,2679,1860.0,1741,12987.9003636837
5887648,2680,3600.0,3110,12988.845498800278
5897408,2681,6825.0,4636,13011.26077413559
5906432,2682,14895.0,8785,13031.962299585342
5915328,2683,3600.0,2630,13052.361176490784
5919104,2684,545.0,678,13061.000878334045
5922944,2685,16350.0,9013,13069.790263652802
5928928,2686,17690.0,9824,13083.598984479904
5928960,2687,12540.0,7297,13083.685801029205
5929024,2688,30720.0,16363,13083.827529668808
5931616,2689,9035.0,5502,13089.794383525848
5936416,2690,12190.0,6861,13100.863526821136
5936704,2691,11910.0,7040,13101.52585721016
5937408,2692,10620.0,6222,13103.132175445557
5944480,2693,5285.0,3423,13119.305184841156
5945888,2694,6240.0,4228,13122.53124833107
5972192,2695,9330.0,5653,13182.76884651184
5981152,2696,22925.0,12233,13203.246648073196
5982560,2697,1265.0,1435,13206.477767467499
5984672,2698,7280.0,4585,13211.288947820663
5992768,2699,9390.0,5719,13229.833557367325
6000064,2700,1635.0,1739,13316.525665998459
6012640,2701,2720.0,2617,13345.382731676102
6029248,2702,10590.0,6205,13383.4790725708
6033920,2703,22280.0,12047,13394.183393716812
6036096,2704,2435.0,1997,13399.157659292221
6039520,2705,13455.0,7794,13407.015470266342
6052832,2706,9260.0,5378,13437.61690378189
6063456,2707,6910.0,4393,13461.981308937073
6069472,2708,6540.0,4159,13475.812441110611
6069632,2709,2935.0,2403,13476.1680393219
6088768,2710,11280.0,6622,13520.06726861
6093568,2711,7675.0,4882,13531.103182554245
6108544,2712,5140.0,3391,13565.530022382736
6109472,2713,9665.0,5644,13567.674512147903
6112512,2714,25165.0,13450,13574.667445659637
6116960,2715,15060.0,8501,13584.896522760391
6130976,2716,14100.0,8037,13617.129827022552
6137376,2717,2490.0,2124,13631.846514940262
6141632,2718,3380.0,2445,13641.626089572906
6155040,2719,2640.0,2071,13672.449291706085
6164288,2720,15990.0,8659,13693.704748153687
6175424,2721,3700.0,2560,13719.284655094147
6179744,2722,1200.0,1191,13729.184834718704
6183968,2723,8945.0,5356,13738.889424324036
6193088,2724,7775.0,4976,13759.808690547943
6195840,2725,24170.0,12698,13766.114806175232
6197664,2726,15980.0,8706,13770.300862312317
6200096,2727,16125.0,8901,13775.913487911224
6202080,2728,3585.0,2895,13780.50752735138
6202336,2729,8015.0,4672,13781.108371973038
6206656,2730,6920.0,4283,13791.02908706665
6208192,2731,1265.0,1374,13794.569607257843
6208704,2732,8420.0,5288,13795.766235589981
6217920,2733,9845.0,5898,13816.908941984177
6221376,2734,17975.0,9844,13824.885509490967
6226144,2735,15550.0,8760,13835.82133603096
6230784,2736,13770.0,7803,13846.49126791954
6232000,2737,13845.0,7796,13849.290426492691
6234208,2738,17255.0,9458,13854.351318120956
6236512,2739,1865.0,1774,13859.639037132263
6237824,2740,1230.0,1255,13862.651482105255
6240192,2741,2550.0,2026,13868.104739427567
6242720,2742,29055.0,15212,13873.902579307556
6248544,2743,23550.0,12416,13887.234921455383
6253728,2744,27735.0,14662,13924.514035463333
6255360,2745,570.0,589,13928.280291318893
6255648,2746,600.0,778,13928.927982091904
6263744,2747,6530.0,4150,13947.497955083847
6268032,2748,2325.0,1856,13957.342680215836
6270208,2749,3775.0,2697,13962.34818148613
6278656,2750,7160.0,4417,13981.765111923218
6287584,2751,20900.0,11207,14002.281518697739
6292448,2752,1860.0,1890,14013.443629980087
6293792,2753,17810.0,9662,14016.53071641922
6295072,2754,1230.0,1232,14019.448805332184
6300992,2755,1200.0,1427,14033.03883934021
6310080,2756,5065.0,3369,14053.897365570068
6310368,2757,24370.0,13212,14054.557748556137
6314304,2758,4605.0,3317,14063.614352941513
6317888,2759,600.0,713,14071.831162691116
6329120,2760,12050.0,6632,14097.610984802246
6342784,2761,6980.0,4399,14128.903630971909
6343648,2762,3100.0,2498,14130.900076627731
6349536,2763,33375.0,17465,14144.386132478714
6352832,2764,1175.0,1204,14151.95784497261
6354528,2765,2175.0,1900,14155.84828877449
6369856,2766,14285.0,8168,14191.057562828064
6377408,2767,4920.0,3420,14208.397486686707
6383296,2768,8010.0,5170,14221.875695705414
6383360,2769,15040.0,8465,14222.033937454224
6387808,2770,2490.0,2187,14232.21870470047
6397824,2771,7455.0,4667,14255.186096429825
6400192,2772,1750.0,1796,14260.639984369278
6404864,2773,14080.0,7808,14271.370028495789
6407872,2774,1800.0,1722,14278.261107206345
6409696,2775,5780.0,3666,14282.443025827408
6415680,2776,6955.0,4282,14296.208145618439
6417280,2777,9270.0,5536,14299.880857944489
6419168,2778,12540.0,6981,14304.216443300247
6426464,2779,13050.0,7295,14320.942721128464
6429152,2780,10315.0,5979,14327.114426851273
6448320,2781,13370.0,7554,14371.145031452179
6451968,2782,11405.0,6541,14379.542953014374
6452896,2783,1140.0,1351,14381.676047563553
6457920,2784,3345.0,2754,14393.178663730621
6459456,2785,7185.0,4661,14396.708452939987
6462240,2786,8130.0,5041,14403.11597108841
6477792,2787,520.0,779,14438.785351514816
6478816,2788,2460.0,1975,14441.140278100967
6483104,2789,3060.0,2593,14450.977920770645
6483424,2790,6545.0,4185,14451.705121278763
6504192,2791,3660.0,2718,14577.664986848831
6506048,2792,27785.0,14688,14581.84312415123
6506816,2793,11795.0,6853,14583.55986213684
6511680,2794,4325.0,3246,14594.51998090744
6515200,2795,5470.0,3669,14602.417229175568
6519296,2796,4855.0,3130,14611.59369969368
6528896,2797,6925.0,4411,14633.119685411453
6530944,2798,2435.0,2236,14637.738155603409
6535808,2799,3515.0,2736,14648.662640810013
6552704,2800,1230.0,1172,14686.555437088013
6557792,2801,1380.0,1203,14697.953262090683
6562304,2802,19905.0,10656,14708.110853433609
6564960,2803,6495.0,4329,14714.267587661743
6568096,2804,18090.0,9826,14721.449326515198
6568352,2805,9870.0,5969,14722.054149866104
6571232,2806,12420.0,7114,14728.834805250168
6571520,2807,3990.0,2931,14729.520847320557
6586240,2808,6755.0,4010,14763.724885463715
6589504,2809,600.0,661,14771.566892385483
6594304,2810,10310.0,5921,14782.820889949799
6607072,2811,7125.0,4528,14812.782990694046
6608032,2812,6305.0,3896,14815.016496658325
6608992,2813,15570.0,8748,14817.266347885132
6609440,2814,12080.0,7069,14818.323041439056
6612960,2815,1615.0,1502,14826.499755620956
6630048,2816,23880.0,12624,14865.120166301727
6632160,2817,600.0,711,14869.931217432022
6632416,2818,6440.0,3951,14870.513300180435
6640064,2819,4840.0,3412,14887.999301195145
6643520,2820,6810.0,4122,14895.911431074142
6644928,2821,7070.0,4400,14899.157566547394
6649024,2822,1170.0,1311,14908.66518855095
6649312,2823,26690.0,14040,14909.328035354614
6663552,2824,5210.0,3466,14942.533413410187
6675360,2825,2305.0,2106,14972.662863731384
6676672,2826,7160.0,4620,14975.689718008041
6679840,2827,2430.0,2215,14983.035056352615
6685184,2828,6380.0,3983,14995.33564043045
6687104,2829,2890.0,2319,14999.759556531906
6687648,2830,19010.0,10412,15001.00068473816
6687744,2831,12510.0,7370,15001.234607696533
6712672,2832,2105.0,1982,15058.051184654236
6721248,2833,7755.0,4788,15077.459154367447
6724320,2834,13110.0,7674,15084.679732084274
6726720,2835,3380.0,2557,15090.220039606094
6727872,2836,8790.0,5176,15092.900402784348
6733376,2837,4825.0,3156,15105.582688808441
6746464,2838,30150.0,16010,15135.284073591232
6755200,2839,15030.0,8505,15254.004498958588
6757152,2840,21795.0,11683,15258.557878255844
6757504,2841,8990.0,5354,15259.388128519058
6759488,2842,10220.0,5876,15263.911309242249
6760896,2843,9250.0,5208,15267.16770195961
6761824,2844,6180.0,3807,15269.311189174652
6774016,2845,1435.0,1444,15297.341937065125
6776160,2846,4220.0,2844,15302.258959054947
6779616,2847,5215.0,3629,15310.205159902573
6783968,2848,3690.0,3012,15320.294587373734
6790528,2849,8065.0,4951,15335.080255270004
6792320,2850,10405.0,6340,15339.149996042252
6797856,2851,8040.0,5246,15351.697037935257
6810048,2852,2160.0,1989,15379.225938558578
6810944,2853,6425.0,3872,15381.248814344406
6814272,2854,1805.0,1787,15388.7751557827
6814752,2855,9050.0,5179,15389.855741500854
6818848,2856,9080.0,5481,15399.10380077362
6823552,2857,30425.0,16048,15409.743245363235
6827040,2858,17010.0,9103,15417.748046159744
6827584,2859,4290.0,3154,15419.013236284256
6832704,2860,33470.0,17580,15430.955091714859
6839264,2861,1935.0,2041,15446.23687338829
6839680,2862,24050.0,12831,15447.209834575653
6843264,2863,2290.0,1991,15455.635667324066
6843648,2864,6125.0,4095,15456.54876947403
6843872,2865,5925.0,3737,15457.071283817291
6851680,2866,2695.0,2362,15475.309987545013
6860352,2867,4630.0,3215,15495.188537597656
6863296,2868,20670.0,11142,15501.817461967468
6865376,2869,3380.0,2544,15506.484160423279
6878080,2870,16950.0,9591,15535.120517492294
6879328,2871,5720.0,3881,15537.926812648773
6883360,2872,3525.0,2674,15547.13245511055
6892832,2873,1905.0,1663,15568.669343471527
6894400,2874,6845.0,4174,15572.215547800064
6897728,2875,2195.0,2034,15579.735510110855
6899584,2876,1980.0,1887,15583.958684682846
6900384,2877,2970.0,2403,15585.774150371552
6909568,2878,8015.0,4692,15606.585359811783
6911264,2879,2875.0,2108,15610.47692489624
6912512,2880,5060.0,3203,15613.282799720764
6914816,2881,4765.0,3248,15618.534239292145
6918944,2882,10480.0,6180,15627.865817546844
6919136,2883,3070.0,2361,15628.289321422577
6923072,2884,8445.0,5040,15637.159611225128
6934592,2885,3240.0,2593,15663.421585083008
6935072,2886,14770.0,8118,15664.517935276031
6936608,2887,14660.0,8125,15667.992818593979
6939040,2888,3405.0,2460,15673.582887172699
6945088,2889,2350.0,2057,15687.376517057419
6945344,2890,600.0,827,15687.952087402344
6952288,2891,5845.0,3916,15704.687493085861
6955072,2892,14665.0,8356,15710.993410348892
6957824,2893,15755.0,8688,15717.211442232132
6971936,2894,7735.0,4786,15749.220246553421
6972672,2895,2470.0,1973,15750.902934551239
6976384,2896,3550.0,2562,15759.510174512863
6980576,2897,3410.0,2744,15769.29234790802
6985376,2898,13400.0,7877,15780.468614578247
6997472,2899,8790.0,5311,15808.725606918335
6998016,2900,2895.0,2344,15810.005713939667
6999616,2901,1230.0,1307,15813.778368711472
7007456,2902,2690.0,2279,15905.151977300644
7009344,2903,3750.0,2821,15909.501962184906
7014560,2904,4650.0,3117,15922.9659781456
7032800,2905,545.0,734,15964.305484294891
7045056,2906,11140.0,6308,15992.109725236893
7048288,2907,2490.0,2116,15999.471529960632
7058336,2908,6440.0,3806,16022.235433578491
7064800,2909,8685.0,5140,16036.769053697586
7065376,2910,10340.0,6317,16038.059394359589
7069504,2911,10290.0,5983,16047.369851827621
7069664,2912,6675.0,4084,16047.7327272892
7072352,2913,10455.0,5908,16053.754793167114
7079392,2914,4130.0,2940,16069.56621336937
7091424,2915,15520.0,8648,16118.692710876465
7093696,2916,7410.0,4646,16123.861786842346
7094880,2917,11165.0,6161,16126.542068958282
7103520,2918,1375.0,1210,16146.128334522247
7103936,2919,4405.0,3017,16147.089323759079
7108032,2920,4230.0,2923,16156.334244251251
7111936,2921,18465.0,9990,16165.313969135284
7113248,2922,7280.0,4395,16168.267464637756
7117792,2923,7435.0,4421,16178.530849456787
7124064,2924,12260.0,7017,16192.733739852905
7133024,2925,3580.0,2650,16212.811176538467
7136672,2926,6490.0,4283,16220.988079071045
7160256,2927,1805.0,1775,16273.885212898254
7165472,2928,17550.0,9380,16285.55822467804
7172192,2929,4585.0,3122,16300.642904043198
7172800,2930,4640.0,3229,16302.012313127518
7178464,2931,6270.0,4170,16314.678389310837
7186720,2932,6210.0,4014,16333.154391765594
7190912,2933,6310.0,3790,16342.579835653305
7210592,2934,6990.0,4540,16386.672822475433
7210592,2935,3320.0,2426,16386.672822475433
7211712,2936,6900.0,4137,16389.187076568604
7213568,2937,6110.0,3818,16393.332485198975
7227008,2938,12830.0,7175,16423.430881738663
7232768,2939,2740.0,2268,16436.319793462753
7236384,2940,16190.0,8792,16444.398963689804
7238720,2941,18390.0,10235,16449.64796614647
7239328,2942,15580.0,8358,16451.003642082214
7241824,2943,2665.0,2387,16456.6286714077
7246464,2944,27260.0,14250,16467.041504621506
7248384,2945,17580.0,9793,16471.353146791458
7248864,2946,600.0,683,16472.44113612175
7255264,2947,25630.0,13783,16549.375778198242
7263648,2948,8730.0,5276,16568.148818731308
7275296,2949,1200.0,1126,16594.236741781235
7277280,2950,19115.0,10375,16598.675852537155
7278208,2951,2665.0,2021,16600.755438566208
7289888,2952,1635.0,1674,16626.908463716507
7308192,2953,2775.0,2074,16667.88604617119
7311840,2954,4845.0,3130,16676.067046642303
7313760,2955,6240.0,3841,16680.36829137802
7315424,2956,24115.0,12593,16684.091704130173
7320096,2957,4040.0,2729,16694.547747850418
7337184,2958,3370.0,2561,16732.831294059753
7340960,2959,22700.0,12148,16741.2880525589
7344640,2960,1230.0,1139,16749.522854804993
7348480,2961,4865.0,3129,16758.145327091217
7350624,2962,3230.0,2265,16762.94103527069
7352960,2963,11715.0,6761,16768.185913085938
7353952,2964,13400.0,7687,16770.396587848663
7365536,2965,13440.0,7547,16796.350566864014
7365952,2966,570.0,666,16797.28935432434
7374144,2967,545.0,662,16815.92187809944
7380256,2968,4805.0,3220,16829.681180477142
7380256,2969,1230.0,1348,16829.681180477142
7380480,2970,22710.0,11954,16830.177486658096
7381632,2971,5120.0,3325,16832.76529622078
7392896,2972,7640.0,4503,16857.992824077606
7394304,2973,15720.0,8643,16861.14628982544
7394752,2974,1325.0,1448,16862.140323400497
7440000,2975,19440.0,10504,16963.524537563324
7450912,2976,24920.0,13068,16987.9413125515
7454848,2977,4290.0,3155,16996.75432085991
7479488,2978,1375.0,1235,17051.86373400688
7481056,2979,21925.0,11537,17055.39546728134
7495520,2980,10000.0,5742,17087.98753476143
7504832,2981,19410.0,10378,17248.750836372375
7511200,2982,885.0,944,17263.064944028854
7514496,2983,14035.0,7841,17270.461714982986
7518656,2984,24650.0,13282,17279.825288772583
7525728,2985,6560.0,4153,17295.718325853348
7530656,2986,12215.0,6726,17306.769844532013
7532000,2987,11570.0,6822,17309.777477025986
7536000,2988,21300.0,11175,17318.756930589676
7543264,2989,10860.0,6324,17335.046338558197
7547328,2990,1435.0,1129,17344.143934965134
7560192,2991,21725.0,11673,17372.991151809692
7576256,2992,10680.0,6084,17409.389587402344
7590368,2993,1230.0,1345,17441.252386569977
7591104,2994,11190.0,6591,17442.89365553856
7599264,2995,2490.0,2102,17461.170082092285
7622432,2996,7220.0,4469,17513.16130042076
7622784,2997,6530.0,3978,17513.950567483902
7627296,2998,14370.0,7913,17524.039006233215
7628320,2999,16340.0,8679,17526.3431289196
7639712,3000,14690.0,8103,17551.922162771225
7646752,3001,26380.0,13632,17567.700355052948
7651296,3002,14430.0,8019,17577.878752708435
7652416,3003,28900.0,15009,17580.40074133873
7653312,3004,5845.0,3989,17582.402368068695
7657568,3005,27115.0,13970,17591.962117671967
7657856,3006,605.0,567,17592.60900950432
7661728,3007,1205.0,1228,17601.29661512375
7673888,3008,12520.0,6847,17628.572625875473
7675488,3009,9665.0,5333,17632.146787166595
7681792,3010,26060.0,13605,17646.289885282516
7701248,3011,9195.0,5333,17689.940487384796
7704064,3012,28290.0,14544,17696.273887872696
7718816,3013,25540.0,13406,17729.353825569153
7738624,3014,3365.0,2731,17773.706923246384
7739232,3015,9450.0,5597,17775.077387571335
7759712,3016,14030.0,7665,17904.889130592346
7763392,3017,9175.0,5409,17913.15973186493
7763552,3018,13970.0,7655,17913.506023168564
7773024,3019,12885.0,7182,17934.740689516068
7784896,3020,24835.0,13107,17961.393399238586
7790912,3021,10385.0,5991,17974.95728611946
7792768,3022,8975.0,5173,17979.117265462875
7799712,3023,11775.0,6521,17995.021281003952
7802368,3024,7175.0,4688,18001.00322151184
7803072,3025,15260.0,8348,18002.601428747177
7821760,3026,520.0,689,18045.110597848892
7824224,3027,30790.0,15756,18050.745141029358
7829888,3028,10330.0,5724,18063.58167862892
7864192,3029,11570.0,6328,18139.994837999344
7873344,3030,3325.0,2520,18162.660816431046
7873568,3031,11310.0,6191,18163.26984167099
7873600,3032,1230.0,1366,18163.35230731964
7895168,3033,15120.0,8341,18224.30660700798
7895264,3034,2370.0,2299,18224.575585603714
7906752,3035,28000.0,14247,18260.155801296234
7907008,3036,1235.0,1044,18260.915665388107
7913728,3037,3995.0,2798,18278.79474878311
7914656,3038,9195.0,5503,18281.036051750183
7923104,3039,9990.0,5748,18300.86799144745
7923360,3040,5910.0,3782,18301.460093975067
7926560,3041,51460.0,25418,18308.87790775299
7930112,3042,8765.0,5327,18317.09139108658
7930624,3043,8400.0,4927,18318.271351099014
7933888,3044,12955.0,7184,18325.785734415054
7943008,3045,14840.0,8412,18346.75606942177
7943744,3046,1200.0,1158,18348.451622009277
7951072,3047,1240.0,1167,18365.171481132507
7959616,3048,16320.0,8684,18384.594933271408
7965792,3049,1175.0,1328,18398.605253219604
7967264,3050,9060.0,5132,18401.949681520462
7972704,3051,23665.0,12391,18414.245160102844
7975936,3052,19275.0,9942,18421.53438591957
7977952,3053,1230.0,1377,18426.097100019455
7981920,3054,1145.0,1194,18435.06009054184
7990880,3055,4060.0,2990,18455.222845077515
7998176,3056,785.0,968,18471.61960554123
8001376,3057,11620.0,6579,18490.163780927658
8003456,3058,13605.0,7499,18494.853784561157
8003552,3059,20930.0,10947,18495.076656103134
8007488,3060,1230.0,1304,18503.934644937515
8016288,3061,1170.0,1200,18523.724706172943
8019104,3062,8365.0,4843,18530.157586336136
8019488,3063,37520.0,19539,18531.026841163635
8019488,3064,1230.0,1174,18531.026841163635
8027808,3065,5195.0,3538,18549.690447092056
8028288,3066,21785.0,11587,18550.776652097702
8030496,3067,3090.0,2484,18555.737717151642
8036256,3068,24945.0,12923,18568.82155919075
8038240,3069,3955.0,2978,18573.282161712646
8045248,3070,3505.0,2678,18589.044945001602
8056288,3071,42120.0,21128,18613.8980820179
8065472,3072,2630.0,2105,18634.5183532238
8066144,3073,7445.0,4253,18636.02222800255
8067264,3074,7360.0,4398,18638.544877767563
8072416,3075,21045.0,11051,18650.068600416183
8077440,3076,1745.0,1553,18661.309185266495
8082688,3077,3000.0,2352,18673.04567170143
8085184,3078,18620.0,10058,18678.633543729782
8085824,3079,43985.0,22498,18680.067261219025
8090496,3080,2470.0,2321,18690.528192043304
8097024,3081,2490.0,2079,18705.165818929672
8111456,3082,1230.0,1220,18737.505697011948
8113184,3083,19180.0,10261,18741.374365091324
8116736,3084,5895.0,3605,18749.327907800674
8124384,3085,1715.0,1787,18766.409437656403
8130720,3086,5150.0,3490,18780.564659833908
8133664,3087,13515.0,7455,18787.144767522812
8140736,3088,11485.0,6568,18802.979214429855
8141216,3089,15580.0,8366,18804.052840948105
8151424,3090,8135.0,4623,18826.85722398758
8155328,3091,6675.0,4247,18835.58054447174
8156640,3092,16490.0,8855,18838.528042793274
8162048,3093,28420.0,14402,18850.636717557907
8162848,3094,13485.0,7493,18852.425060510635
8171872,3095,5865.0,3613,18872.61663198471
8182208,3096,3100.0,2157,18895.775182247162
8193312,3097,4650.0,3361,18920.613347053528
8195648,3098,16800.0,9022,18925.830349206924
8196128,3099,5230.0,3547,18926.911550283432
8199584,3100,2950.0,2153,18934.618914604187
8201568,3101,12770.0,7154,18939.0645673275
8203520,3102,9865.0,5478,18943.43214917183
8205088,3103,2660.0,2011,18946.939103126526
8210080,3104,605.0,873,18958.07931113243
8217632,3105,5915.0,3318,18974.983785152435
8224224,3106,5470.0,3120,18989.71491599083
8225568,3107,7730.0,4984,18992.70367884636
8233408,3108,4555.0,3119,19010.203191280365
8233504,3109,3090.0,2404,19010.42423582077
8233824,3110,7955.0,4646,19011.146683454514
8234976,3111,7800.0,4925,19013.716510772705
8250496,3112,15700.0,8582,19110.666983127594
8251552,3113,3720.0,2774,19113.040477752686
8262752,3114,12600.0,7080,19138.082085371017
8271840,3115,14890.0,7888,19158.4352850914
8277120,3116,3030.0,2363,19170.225333929062
8283904,3117,5315.0,3502,19185.388604164124
8298592,3118,17720.0,9225,19218.18759560585
8302880,3119,2635.0,2160,19227.751551151276
8314464,3120,8065.0,4765,19253.665863513947
8323904,3121,5415.0,3321,19274.78204011917
8336800,3122,5220.0,3228,19303.63351893425
8340992,3123,3000.0,2447,19313.027076005936
8349056,3124,4380.0,3082,19331.022498846054
8353504,3125,2715.0,2177,19340.953627347946
8367264,3126,22700.0,11764,19371.687268018723
8367456,3127,8700.0,5125,19372.112268209457
8367520,3128,9365.0,5358,19372.25347352028
8368000,3129,19500.0,10307,19373.327146053314
8383712,3130,18150.0,9947,19408.39397573471
8389120,3131,16290.0,8514,19420.461942195892
8390656,3132,17580.0,9382,19423.895442008972
8391232,3133,5910.0,3732,19425.183236837387
8405632,3134,11880.0,6637,19457.34919166565
8410464,3135,3860.0,2707,19468.12468600273
8427488,3136,5895.0,3895,19506.117506742477
8428576,3137,3320.0,2739,19508.543756484985
8430624,3138,4490.0,2934,19513.123569250107
8431072,3139,3385.0,2424,19514.118080615997
8439424,3140,23280.0,12320,19532.772246599197
8446752,3141,4195.0,3055,19549.153542757034
8448576,3142,3630.0,2537,19553.21988582611
8453760,3143,12670.0,6839,19564.80577158928
8459776,3144,2775.0,2209,19578.230924606323
8469312,3145,520.0,648,19599.495802640915
8470080,3146,12510.0,6831,19601.209193706512
8470080,3147,22500.0,11660,19601.209193706512
8473344,3148,19350.0,10062,19608.49711704254
8474112,3149,16600.0,8580,19610.20744895935
8475360,3150,2460.0,2030,19613.015837669373
8480224,3151,3630.0,2783,19623.891124010086
8482560,3152,14840.0,8075,19629.09999346733
8486784,3153,9275.0,5387,19638.529278755188
8500192,3154,3245.0,2274,19748.1783618927
8503424,3155,5415.0,3526,19755.397424697876
8510112,3156,2970.0,2210,19770.331949949265
8516032,3157,22480.0,11713,19783.588380098343
8523008,3158,18545.0,9937,19799.23281431198
8530304,3159,18210.0,9525,19815.556523561478
8531200,3160,4950.0,3145,19817.565675497055
8540864,3161,5250.0,3511,19839.17222213745
8542624,3162,2275.0,1952,19843.104328632355
8545280,3163,4010.0,2861,19849.01673078537
8550240,3164,20010.0,10632,19860.097984552383
8551392,3165,3350.0,2378,19862.667583227158
8551872,3166,16460.0,8588,19863.733080387115
8561184,3167,110.0,293,19884.53065776825
8561664,3168,2045.0,1822,19885.60464310646
8561920,3169,10650.0,6077,19886.165062189102
8563040,3170,4290.0,2907,19888.66547346115
8569792,3171,9080.0,5131,19903.731439828873
8595456,3172,5255.0,3530,19961.093213796616
8599200,3173,8405.0,4766,19969.445778369904
8599808,3174,24420.0,12632,19970.787560224533
8622560,3175,23105.0,12163,20021.589349746704
8634496,3176,30150.0,14976,20048.22848200798
8635136,3177,9050.0,5033,20049.64737558365
8635200,3178,5255.0,3252,20049.78886604309
8638752,3179,3365.0,2410,20057.717769384384
8663232,3180,17315.0,9251,20112.391505479813
8669824,3181,5320.0,3397,20127.105996370316
8674720,3182,18720.0,9587,20138.057190179825
8681536,3183,5285.0,3494,20153.27837896347
8688992,3184,6100.0,3973,20169.969170093536
8690112,3185,7780.0,4335,20172.46958756447
8692640,3186,3720.0,2903,20178.116710424423
8692928,3187,12815.0,6966,20178.768226861954
8696768,3188,10220.0,5650,20187.375603437424
8697984,3189,13080.0,7148,20190.095492839813
8701248,3190,19010.0,9925,20197.416943073273
8712352,3191,5480.0,3538,20222.255345344543
8719040,3192,25430.0,13140,20237.20801138878
8721056,3193,3320.0,2574,20241.72242498398
8734080,3194,2065.0,1857,20270.8026804924
8739040,3195,1360.0,1443,20281.87394142151
8739296,3196,14435.0,7893,20282.443729877472
8743072,3197,11570.0,6264,20290.90828680992
8760352,3198,17750.0,9395,20370.64732670784
8768000,3199,11680.0,6407,20387.74188184738
8790848,3200,8010.0,4888,20438.91437149048
8797920,3201,2075.0,1716,20454.72510123253
8800800,3202,2370.0,1924,20461.15809226036
8802176,3203,17250.0,9127,20464.231412649155
8803616,3204,9175.0,5267,20467.438031435013
8805312,3205,6130.0,3601,20471.230398893356
8805888,3206,9990.0,5731,20472.516311883926
8808128,3207,15750.0,8354,20477.507107257843
8810880,3208,1280.0,1342,20483.64709997177
8831616,3209,20040.0,10359,20529.96006655693
8832256,3210,5455.0,3477,20531.39008831978
8833504,3211,695.0,883,20534.193833827972
8838432,3212,25170.0,12732,20545.245270252228
8852160,3213,2165.0,1918,20575.909013032913
8853056,3214,23590.0,11868,20577.911252260208
8853568,3215,8405.0,5145,20579.052760839462
8858592,3216,5900.0,3738,20590.254100561142
8859744,3217,21100.0,10525,20592.830211400986
8861344,3218,7790.0,4448,20596.40067768097
8864288,3219,8640.0,4749,20602.972928524017
8866944,3220,20670.0,10522,20608.911242485046
8876640,3221,12220.0,6670,20630.508509159088
8881664,3222,7820.0,4614,20641.70972776413
8891328,3223,4350.0,2921,20663.416559696198
8894400,3224,18120.0,9344,20670.531399726868
8896544,3225,11770.0,6373,20675.310839891434
8899072,3226,21650.0,11058,20680.96014213562
8909536,3227,21585.0,11230,20704.378685712814
8922560,3228,15060.0,7900,20733.5765748024
8923264,3229,14435.0,7556,20735.14665579796
8923424,3230,4170.0,2851,20735.5066280365
8931680,3231,4700.0,3070,20753.943150043488
8939360,3232,6730.0,4017,20771.087531089783
8947008,3233,7790.0,4570,20788.160937309265
8952768,3234,14890.0,7964,20801.01469397545
8953600,3235,7700.0,4734,20802.869172096252
8955648,3236,8015.0,4753,20807.433700084686
8968096,3237,4640.0,3244,20835.2022690773
8968256,3238,1205.0,1143,20835.557803869247
8973056,3239,15970.0,8496,20846.269554376602
8973344,3240,9050.0,5235,20846.91697216034
8988672,3241,605.0,638,20881.252143859863
