step,updates,sps,eps,beta,score_avg100,buffer,time,loss,q_mean,td_abs,grad_norm
10016,0,10996.951926920396,1.0,0.45055088,66.66666666666667,10016,0.9107978343963623,,,,
20000,0,12671.89704626539,1.0,0.4511,117.3076923076923,20000,1.6986830234527588,,,,
30016,0,13461.188708791076,1.0,0.45165088000000003,136.5909090909091,30016,2.4437479972839355,,,,
40000,0,13118.804110456778,1.0,0.4522,151.53225806451613,40000,3.20414137840271,,,,
50016,0,13130.96595369202,1.0,0.45275088,153.65384615384616,50016,3.9665701389312744,,,,
60000,0,13577.465421923123,1.0,0.45330000000000004,161.95876288659792,60000,4.701906204223633,,,,
70016,0,13249.591605572947,1.0,0.45385088,176.0,70016,5.4578540325164795,,,,
80000,0,13559.009971762269,1.0,0.4544,175.7,80000,6.194190979003906,,,,
90016,0,12956.801622539882,1.0,0.45495088,178.5,90016,6.967221260070801,,,,
100000,0,12597.060982557934,1.0,0.4555,163.8,100000,7.759787082672119,,,,
110016,313,421.50697413978094,0.0,0.45605088,154.25,110016,31.522145986557007,0.013219322853256017,0.14771668434143068,0.1441461418941617,0.04339673164533451
120000,625,544.9564092846952,0.0,0.4566,148.6,120000,49.84287738800049,0.017475994266569615,0.322923583984375,0.20014327831566334,0.052570425271987915
130016,938,555.9710799717825,0.0,0.45715088000000004,143.2,130016,67.85820293426514,0.017982454118318857,0.4746826171875,0.22307763166725636,0.08886031434871257
140000,1250,571.4028911838526,0.0,0.4577,146.6,140000,85.33098816871643,0.011371726174838842,0.59525390625,0.1740951979160309,0.12582518286071717
150016,1563,575.5077202491133,0.0,0.45825088,164.5,150016,102.73475122451782,0.010519056506454945,0.62087890625,0.16849144849926234,0.12186227122321724
160000,1875,565.5685413718066,0.0,0.4588,168.3,160000,120.38778400421143,0.011385940117761492,0.664114990234375,0.18177037470042706,0.12528352780267596
170016,2188,562.1688553348619,0.0,0.45935088,183.4,170016,138.20449495315552,0.014643895071931184,0.830107421875,0.21678152479231358,0.1638053840585053
180000,2500,560.5604105500009,0.0,0.45990000000000003,202.8,180000,156.01624202728271,0.015228070514276625,0.98096923828125,0.22758417844772338,0.19125429525971413
190016,2813,559.9034061958204,0.0,0.46045088,211.3,190016,173.9040424823761,0.01617811341304332,1.1492041015625,0.2367731260508299,0.2008526324108243
200000,3125,561.6607752186854,0.0,0.461,225.95,200000,191.67989659309387,0.016422139308415355,1.2252197265625,0.23916398100554942,0.20201041590422392
210016,3438,562.7925846465315,0.0,0.46155088,235.9,210016,209.47686171531677,0.015970998010598123,1.3140673828125,0.23566584818065167,0.2212568580545485
220000,3750,563.592129928199,0.0,0.4621,259.4,220000,227.19180035591125,0.01481427154969424,1.360595703125,0.2268983519822359,0.2205397155880928
230016,4063,562.7692584021514,0.0,0.46265088,282.3,230016,244.9895031452179,0.015427862892393023,1.4147607421875,0.23055860705673695,0.21767304932698608
240000,4375,561.7335862077624,0.0,0.4632,291.9,240000,262.76305317878723,0.014491758495569228,1.447451171875,0.22661520443856717,0.1830931466445327
250016,4688,562.058863476319,0.0,0.46375088000000003,326.65,250016,280.5832507610321,0.016639132611453535,1.5938232421875,0.2469008416682482,0.25429363038390873
260000,5000,427.4116271831139,0.0,0.4643,376.2,260000,303.94246554374695,0.01545705170603469,1.6607421875,0.23849580697715284,0.22624987311661243
270016,5313,554.4113389742585,0.0,0.46485088,397.8,270016,322.008474111557,0.01706956489942968,1.7375732421875,0.24862322017550467,0.23679871570318936
280000,5625,550.7226818329143,0.0,0.46540000000000004,438.8,280000,340.1373805999756,0.017392800031229852,1.734443359375,0.25084703616797926,0.24413097746670245
290016,5938,554.601562949061,0.0,0.46595088,465.75,290016,358.1971926689148,0.017433475898578764,1.8636767578125,0.254804770424962,0.25201257778331637
300000,6250,560.1546221921678,0.0,0.4665,484.35,300000,376.02084279060364,0.017075788998045027,1.9079248046875,0.25480668045580385,0.24004301976412534
310016,6563,559.0494205921085,0.0,0.46705088,515.75,310016,393.93696904182434,0.01908648111624643,2.0001318359375,0.26587196841835975,0.274693324547261
320000,6875,562.9033441912005,0.0,0.4676,554.85,320000,411.6735842227936,0.018559834607876836,2.0885009765625,0.26980448499321935,0.26082101905718447
330016,7188,575.5148711501979,0.0,0.46815088,599.6,330016,429.0771310329437,0.018891632074955853,2.0894580078125,0.26595753103494646,0.28188730746507645
340000,7500,572.6083850210016,0.0,0.4687,622.9,340000,446.5131313800812,0.01981376764830202,2.260361328125,0.27527519792318345,0.3031146099418402
350016,7813,563.4405052657962,0.0,0.46925088000000004,636.6,350016,464.28963112831116,0.020205130418762565,2.2709375,0.2774061254411936,0.2657194333150983
360000,8125,526.4132736413858,0.0,0.4698,644.3,360000,483.2557182312012,0.019064828963018955,2.303896484375,0.270312320291996,inf
370016,8438,519.6518928998399,0.0,0.47035088,660.9,370016,502.53015971183777,0.02106689690379426,2.5207421875,0.28259410969913007,0.31170975245535376
380000,8750,524.046578501821,0.0,0.4709,683.3,380000,521.5819013118744,0.02293255103752017,2.708505859375,0.2943659135699272,0.3570901234075427
390016,9063,544.2032950803341,0.0,0.47145088,703.25,390016,539.9867880344391,0.02430923247244209,2.81765625,0.2994776380062103,0.3370838860049844
400000,9375,557.6152279222036,0.0,0.47200000000000003,703.15,400000,557.8916075229645,0.02314896021038294,2.8908203125,0.2950423576682806,0.3462033120170236
410016,9688,551.0608810979718,0.0,0.47255088,698.65,410016,576.0674576759338,0.023671888122335075,3.004375,0.29261427976191046,0.39275503262877465
420000,10000,514.541272062732,0.0,0.4731,677.1,420000,595.4711489677429,0.021615618935320526,2.94185546875,0.28298676483333113,0.3313312946073711
430016,10313,269.7534524081597,0.0,0.47365088,682.1,430016,632.6013503074646,0.022238791841082274,3.0096875,0.2877416141331196,inf
440000,10625,547.7834106668581,0.0,0.4742,685.7,440000,650.8275320529938,0.024553440106101335,3.09642578125,0.30105763450264933,inf
450016,10938,571.8858491030422,0.0,0.47475088,702.55,450016,668.3415167331696,0.025509698730893433,3.133271484375,0.3096745127439499,0.3845703660696745
460000,11250,560.6297691094792,0.0,0.4753,694.65,460000,686.1510632038116,0.025247714924626054,3.18859375,0.30164881303906443,0.3800792706757784
470016,11563,573.4781357628299,0.0,0.47585088000000003,694.25,470016,703.6154172420502,0.02359494851902127,3.20615234375,0.29796060159802434,0.35723235048353674
480000,11875,573.0549457497011,0.0,0.4764,701.85,480000,721.0378303527832,0.02276377665344626,3.294443359375,0.29217601627111434,0.342550482749939
490016,12188,575.8548345425922,0.0,0.47695088,702.35,490016,738.4311027526855,0.021105674211867154,3.2812890625,0.2806489132344723,0.3258418582379818
500000,12500,576.491105810769,0.0,0.47750000000000004,715.3,500000,755.7496700286865,0.02256458403542638,3.318095703125,0.28472266599535945,0.35921130530536177
510016,12813,380.46003372524893,0.0,0.47805088,734.85,500000,782.0774040222168,0.023643427984789012,3.48736328125,0.29618672490119935,0.36981652084738015
520000,13125,571.6689741238956,0.0,0.4786,730.55,500000,799.540346622467,0.02386448103468865,3.48923828125,0.29470997147262096,0.3631083034723997
530016,13438,571.4393718373286,0.0,0.47915088,720.05,500000,817.0680153369904,0.025879627899266778,3.464150390625,0.311394026055932,0.37015613339841363
540000,13750,576.8003844938182,0.0,0.4797,744.7,500000,834.3772964477539,0.027758322060108184,3.563896484375,0.3223807197809219,0.4239193431660533
550016,14063,575.1839399683703,0.0,0.48025088,767.2,500000,851.7908563613892,0.026195983737707138,3.5370703125,0.3096194197237492,inf
560000,14375,557.9384311077541,0.0,0.4808,778.1,500000,869.6868760585785,0.02359478206373751,3.5741796875,0.2940581522136927,0.37772708721458914
570016,14688,558.5399048025886,0.0,0.48135088000000004,749.25,500000,887.617773771286,0.023349036779254675,3.567060546875,0.2911071139574051,0.3542573756352067
580000,15000,562.6886545409006,0.0,0.4819,767.55,500000,905.3611562252045,0.02322743377648294,3.581650390625,0.2940688991546631,0.366039653532207
590016,15313,577.2911725841504,0.0,0.48245088,765.5,500000,922.7111530303955,0.0208363688737154,3.536083984375,0.2755658414959907,0.31864713910967113
600000,15625,576.5176461829006,0.0,0.483,768.55,500000,940.028923034668,0.021185806202702225,3.515771484375,0.2749952803552151,0.3463156609982252
610016,15938,574.2009602202475,0.0,0.48355088,766.6,500000,957.4732964038849,0.020915730667766183,3.530341796875,0.27609072797000406,0.3379121419414878
620000,16250,561.709911524239,0.0,0.48410000000000003,779.05,500000,975.2481510639191,0.02079756996128708,3.569345703125,0.2720659737288952,0.3797265458106995
630016,16563,576.1620412626015,0.0,0.48465088,781.75,500000,992.6305909156799,0.021080697565339507,3.63048828125,0.27646161630749705,inf
640000,16633,3016.3897716842057,0.0,0.4852,nan,7744,999.1116106510162,,,,
650016,16633,4017.7185315534675,0.0,0.48575088,nan,17760,1001.6045677661896,,,,
660000,16633,3891.322598013151,0.0,0.4863,584.7826086956521,27744,1004.1702764034271,,,,
670016,16633,3999.1794965525883,0.0,0.48685088,598.4615384615385,37760,1006.6747901439667,,,,
680000,16633,3960.267052341603,0.0,0.4874,621.5853658536586,47744,1009.1958322525024,,,,
690016,16875,548.8182612208376,0.0,0.48795088000000003,667.9245283018868,57760,1027.4459538459778,0.01901872080285102,3.919755859375,0.23318534173071384,0.4691297838836908
700000,17187,582.1456397162884,0.0,0.48850000000000005,670.7017543859649,67744,1044.596301317215,0.019877621000632645,3.69609375,0.24935893446207047,0.4457292999699712
710016,17500,581.0005347509419,0.0,0.48905088,676.3571428571429,77760,1061.8355281352997,0.019907970423810185,3.794970703125,0.2573269709944725,0.3928114476799965
720000,17812,580.9838943746346,0.0,0.48960000000000004,677.8666666666667,87744,1079.0201697349548,0.01919410245027393,3.585927734375,0.25518656611442564,0.3835518445819616
730016,18125,581.129922885121,0.0,0.49015088,684.3529411764706,97760,1096.2555582523346,0.018028285708278417,3.51345703125,0.25167501166462897,0.3972571462020278
740000,18437,581.262301471586,0.0,0.4907,744.6428571428571,107744,1113.4319689273834,0.017374391371849925,3.584638671875,0.24829976446926594,inf
750016,18750,580.3770672544116,0.0,0.49125088,769.05,117760,1130.6907150745392,0.018184126222040506,3.641318359375,0.2561050713062286,0.3728722634911537
760000,19062,376.0087856685788,0.0,0.4918,786.8,127744,1157.2438530921936,0.018868716903962194,3.83619140625,0.26485387653112413,0.3595885894075036
770016,19375,580.0438860670818,0.0,0.49235088000000005,808.0,137760,1174.5099449157715,0.020945375189185142,3.81107421875,0.2724208866804838,0.3928988889604807
780000,19687,579.7359247850515,0.0,0.4929,827.45,147744,1191.7315790653229,0.01841035026591271,3.851015625,0.26406588330864905,0.36140360035002234
790016,20000,580.2582246857411,0.0,0.49345088000000004,846.15,157760,1208.9928596019745,0.017537144718226046,3.79689453125,0.2556908445060253,0.3862632010877132
800000,20312,580.0075535179941,0.0,0.494,827.3,167744,1226.206428527832,0.019317141249775887,3.7444921875,0.2637719379365444,0.4029669241979718
810016,20625,579.3740835292282,0.0,0.49455088,832.1,177760,1243.4940502643585,0.01938007417600602,3.73775390625,0.26864735409617424,inf
820000,20937,580.1600205220376,0.0,0.49510000000000004,843.95,187744,1260.7030954360962,0.0198866908531636,3.777626953125,0.2758097775280476,0.39442051604390144
830016,21250,566.7462851403374,0.0,0.49565088,884.9,197760,1278.3769063949585,0.020672453206498177,3.8171484375,0.279058124050498,0.4118633994460106
840000,21562,578.5192868170053,0.0,0.49620000000000003,917.3,207744,1295.6342611312866,0.019009377043694257,3.657724609375,0.2694219482690096,0.39567252732813357
850016,21875,579.3342705248951,0.0,0.49675088,954.95,217760,1312.9225678443909,0.018788568442687392,3.653515625,0.26564223267138004,0.3908986417576671
860000,22187,581.068252028903,0.0,0.4973,958.25,227744,1330.1047146320343,0.01991846431978047,3.733779296875,0.27443364046514035,inf
870016,22500,579.4569069935787,0.0,0.49785088,946.0,237760,1347.389865398407,0.02186378775164485,3.776171875,0.2851825926452875,0.36649923227727416
880000,22812,580.3539141357516,0.0,0.4984,954.9,247744,1364.5931611061096,0.021287861759774387,3.82873046875,0.28154742658138276,0.44566813815385103
890016,23125,581.2159751065014,0.0,0.49895088,972.8,257760,1381.8265008926392,0.021702649714425207,3.98580078125,0.28723019003868105,0.4802259710431099
900000,23437,580.7616940961308,0.0,0.4995,973.8,267744,1399.0172142982483,0.021093345452100037,4.043515625,0.28529987737536433,0.43315062738955024
910016,23750,580.3105414838998,0.0,0.50005088,990.75,277760,1416.276938676834,0.02092242058366537,4.029365234375,0.2808979899436235,0.4171021354570985
920000,24062,581.0347688469612,0.0,0.5006,995.45,287744,1433.4600756168365,0.022006700346246362,4.0502734375,0.2900943564623594,0.4322417893260717
930016,24375,579.6532637674613,0.0,0.50115088,1051.75,297760,1450.739371061325,0.021518423752859235,4.106611328125,0.2887977423518896,0.4167640458419919
940000,24687,580.2302462597596,0.0,0.5017,1033.1,307744,1467.9463334083557,0.022078680535778404,4.140283203125,0.2914515884965658,inf
950016,25000,580.6785162813883,0.0,0.5022508800000001,953.35,317760,1485.1951203346252,0.022948953486047686,4.19203125,0.29890906549990176,0.49546498239040376
960000,25312,581.2578558948139,0.0,0.5028,939.7,327744,1502.3716623783112,0.02142007921822369,4.20044921875,0.2910436800867319,0.45341999605298045
970016,25625,581.1067720084142,0.0,0.5033508800000001,879.5,337760,1519.6077375411987,0.021131650521419944,4.168955078125,0.28530643582344056,0.44593554485589265
980000,25937,581.6501511930355,0.0,0.5039,855.6,347744,1536.772694826126,0.017553289546631278,3.9984375,0.2621953871101141,0.3382209525629878
990016,26250,579.5561681057341,0.0,0.50445088,858.4,357760,1554.054885149002,0.01830842315685004,3.89048828125,0.2637052350491285,0.36372059043496846
1000000,26562,582.9832908383348,0.0,0.505,896.0,367744,1571.1815903186798,0.019797381069511174,3.77232421875,0.27420098006725313,0.36685174610465765
1010016,26875,342.28636626985053,0.0,0.50555088,881.95,377760,1600.4426381587982,0.01817896921886131,3.755283203125,0.26793208710849287,0.3798949368670583
1020000,27187,582.1818329690659,0.0,0.5061,888.3,387744,1617.5919194221497,0.018911568680778146,3.86353515625,0.2665323293209076,0.348540234528482
1030016,27500,582.1129216915817,0.0,0.50665088,879.65,397760,1634.7982029914856,0.019278526436537505,3.85455078125,0.27094317942857743,0.38128426894545553
1040000,27812,582.3517229683382,0.0,0.5072,880.7,407744,1651.9424812793732,0.019587844829075038,3.825859375,0.2738681424409151,0.33443389281630514
1050016,28125,580.8267122157075,0.0,0.50775088,891.35,417760,1669.186867237091,0.020164806076791136,3.84505859375,0.2806871938705444,0.31047926923260094
1060000,28437,582.7334867717083,0.0,0.5083,897.6,427744,1686.3199138641357,0.023170841657556594,3.93888671875,0.2986580753326416,0.46778988644480707
1070016,28750,582.6867562552123,0.0,0.50885088,904.95,437760,1703.5092525482178,0.022101509373169393,4.007412109375,0.2985414254665375,0.41472631350159644
1080000,29062,582.0154961255239,0.0,0.5094,932.35,447744,1720.6644377708435,0.021855331854894758,4.14029296875,0.2976948082447052,0.44859807189553974
1090016,29375,581.9362726214804,0.0,0.50995088,968.8,457760,1737.8749415874481,0.02062126378994435,4.149287109375,0.2903926930576563,0.4408343961462379
1100000,29687,582.3102452466568,0.0,0.5105000000000001,1037.6,467744,1755.0204410552979,0.021708746862132103,4.124580078125,0.29373792789876463,0.4853968390077352
1110016,30000,581.8333177961351,0.0,0.51105088,1076.65,477760,1772.2349932193756,0.02062721549998969,4.166455078125,0.2862298233807087,0.45853694394230843
1120000,30312,581.9612227743053,0.0,0.5116,1077.6,487744,1789.3907754421234,0.020001284256577493,4.1587109375,0.281318411976099,0.4129636112973094
1130016,30625,573.9965151252464,0.0,0.51215088,1044.25,497760,1806.8403587341309,0.01947379790712148,4.24322265625,0.27894824102520943,0.38635309725999833
1140000,30937,582.7436071699346,0.0,0.5127,1057.8,507744,1823.9731078147888,0.0211108562303707,4.323681640625,0.28753040850162503,0.46692271284759046
1150016,31250,581.9501945488208,0.0,0.51325088,1034.25,517760,1841.184202671051,0.021612350703217088,4.4529296875,0.29375212371349335,0.42558485865592954
1160000,31562,582.7940197742241,0.0,0.5138,1068.0,527744,1858.3154697418213,0.022937015043571592,4.5855859375,0.30435028299689293,0.5163325094431639
1170016,31875,581.9270588806977,0.0,0.5143508800000001,1056.9,537760,1875.5272488594055,0.02123231893638149,4.62931640625,0.29527526184916497,0.47733372170478106
1180000,32187,581.1332863774202,0.0,0.5149,1083.95,547744,1892.7074728012085,0.02099368005525321,4.58939453125,0.2948587380349636,0.4926293785125017
1190016,32500,580.523649324829,0.0,0.5154508800000001,1098.55,557760,1909.9608612060547,0.01924872345291078,4.4821875,0.27810610830783844,0.3442286865785718
1200000,32812,580.8406215154672,0.0,0.516,1091.0,567744,1927.1497416496277,0.01922056040260941,4.48681640625,0.2734979131817818,0.34629194155335424
1210016,33125,580.7448534935639,0.0,0.51655088,1111.25,577760,1944.3965582847595,0.02112150772009045,4.49501953125,0.2893690411746502,0.4042562574520707
1220000,33437,581.0107774929296,0.0,0.5171,1115.9,587744,1961.5804047584534,0.019890696383081375,4.46017578125,0.2811681296676397,0.37766912426799537
1230016,33750,580.8790914203798,0.0,0.51765088,1120.1,597760,1978.8232357501984,0.020024985542986543,4.5153515625,0.2849012862145901,inf
1240000,34062,581.0112692313055,0.0,0.5182,1126.7,607744,1996.007067680359,0.02245354641228914,4.56208984375,0.29702881172299384,0.4069382122904062
1250016,34375,580.0289500383803,0.0,0.51875088,1158.35,617760,2013.2751712799072,0.02230841100215912,4.63,0.3007630553841591,0.3735257079452276
1260000,34687,336.2272978635593,0.0,0.5193,1185.65,627744,2042.9697070121765,0.024172306512482464,4.7292578125,0.31036125458776953,0.40652494683861734
1270016,35000,578.1091955641114,0.0,0.51985088,1202.25,637760,2060.294816017151,0.023971417560242115,4.73857421875,0.30678952038288115,0.3919522139057517
1280000,35312,579.5924965872969,0.0,0.5204,1214.5,647744,2077.5207118988037,0.022087998134084047,4.67794921875,0.30019861966371536,0.37404845833778383
1290016,35625,578.6442418139244,0.0,0.52095088,1226.6,657760,2094.8301384449005,0.023128865286707878,4.7884765625,0.3076833625137806,0.3993209256231785
1300000,35937,578.1074498039255,0.0,0.5215000000000001,1265.4,667744,2112.1002843379974,0.02317108851391822,4.72099609375,0.3059488867968321,0.3848901714757085
1310016,36250,561.5906841886796,0.0,0.52205088,1303.4,677760,2129.9353380203247,0.022975150621496142,4.74466796875,0.3053542001545429,0.38751033052802086
1320000,36562,580.6154797088865,0.0,0.5226000000000001,1274.1,687744,2147.130883693695,0.023170409724116325,4.82908203125,0.313448648750782,inf
1330016,36875,531.6612971386119,0.0,0.52315088,1286.3,697760,2165.9699454307556,0.024194363802671433,4.93603515625,0.3177681175619364,0.4733461633324623
1340000,37187,559.5726600334204,0.0,0.5237,1306.45,707744,2183.812132358551,0.02387959947809577,4.88611328125,0.3127543392777443,0.42280949879437685
1350016,37500,437.80272856118586,0.0,0.52425088,1332.35,717760,2206.690016269684,0.022262237439863383,4.825234375,0.30263937063515184,0.3905054572224617
1360000,37812,569.2588582491319,0.0,0.5248,1337.45,727744,2224.228610277176,0.019583802744746207,4.83349609375,0.28290227822959424,0.38337709750980137
1370016,38125,568.5898012404688,0.0,0.52535088,1354.05,737760,2241.8441214561462,0.022450877360533923,4.91900390625,0.3011807671934366,0.4023296703025699
1380000,38437,567.9304609805662,0.0,0.5259,1332.45,747744,2259.4237384796143,0.02401892883237451,5.02044921875,0.31190169125795364,0.4381041057407856
1390016,38750,566.5298081144313,0.0,0.5264508800000001,1354.15,757760,2277.1033024787903,0.023454157384112478,4.96703125,0.31094282045960425,inf
1400000,39062,569.1739179986162,0.0,0.527,1394.75,767744,2294.6445138454437,0.02295580380130559,5.04341796875,0.30768783688545226,0.3816458764672279
1410016,39375,569.6539238432761,0.0,0.52755088,1421.8,777760,2312.2271189689636,0.02553456646390259,5.027109375,0.32235514611005783,0.4941130030527711
1420000,39687,567.0114295182417,0.0,0.5281,1400.35,787744,2329.8352296352386,0.024231219061184674,4.9116796875,0.3176280817389488,0.4205143610388041
1430016,40000,565.6871605426188,0.0,0.52865088,1436.25,797760,2347.5411291122437,0.024271568823605774,5.0579296875,0.3217733945697546,0.44104467254132035
1440000,40142,2747.0526431622066,0.0,0.5292,nan,5440,2357.6089494228363,,,,
1450016,40142,3998.465423152451,0.0,0.52975088,nan,15456,2360.1139104366302,,,,
1460000,40142,4039.7242587499927,0.0,0.5303,600.0,25440,2362.5853662490845,,,,
1470016,40142,4020.452350870074,0.0,0.53085088,587.5,35456,2365.0766282081604,,,,
1480000,40142,4052.7653119263045,0.0,0.5314,765.0,45440,2367.54013133049,,,,
1490016,40312,684.427196730219,0.0,0.53195088,1042.5,55456,2382.1852672100067,0.02811443634221659,5.334443933823529,0.2700561265735065,0.6615847532363499
1500000,40624,566.0835750586,0.0,0.5325,1316.6666666666667,65440,2399.811238050461,0.024713462674990295,5.19248046875,0.29295883648097515,0.6216783749312162
1510016,40937,433.1993980684243,0.0,0.53305088,1433.7037037037037,75456,2422.9322304725647,0.02353515219409019,5.3341796875,0.30699154786765576,0.5784020847082139
1520000,41249,580.4722034087952,0.0,0.5336000000000001,1517.6666666666667,85440,2440.13202047348,0.02186463979771361,5.29052734375,0.2975949095189571,0.5668306454643607
1530016,41562,583.5110671836511,0.0,0.53415088,1575.3947368421052,95456,2457.2970762252808,0.021213831091299654,5.1355078125,0.2927542006969452,0.43423273831605913
1540000,41874,573.9487125900495,0.0,0.5347000000000001,1680.6818181818182,105440,2474.6923587322235,0.020471749496646225,5.05279296875,0.28706487134099007,0.45710368938744067
1550016,42187,584.8424393136238,0.0,0.53525088,1639.7916666666667,115456,2491.818338871002,0.019793780809268354,4.8918359375,0.2829658371210098,0.3759824278205633
1560000,42499,585.8926064753412,0.0,0.5358,1588.611111111111,125440,2508.859004497528,0.019249327711295335,4.92875,0.28194436214864255,0.39655416063964366
1570016,42812,576.3774107558339,0.0,0.53635088,1537.8688524590164,135456,2526.236507177353,0.02045150058111176,4.88810546875,0.29396927416324614,0.4558897074684501
1580000,43124,573.7873530652327,0.0,0.5369,1529.621212121212,145440,2543.6366815567017,0.02003985027316958,4.780234375,0.2835779895633459,0.3995113980397582
1590016,43437,579.5716714813989,0.0,0.53745088,1533.125,155456,2560.9184095859528,0.02099687525536865,4.71158203125,0.29190122447907924,0.4353626567311585
1600000,43749,582.1515313344939,0.0,0.538,1551.1538461538462,165440,2578.0685834884644,0.019290464690420776,4.729375,0.2838802687078714,0.3524037481099367
1610016,44062,581.8327375997528,0.0,0.5385508800000001,1577.764705882353,175456,2595.28315281868,0.020518116424791514,4.67794921875,0.29430657006800176,0.3814415941387415
1620000,44374,582.3209096881027,0.0,0.5391,1547.3033707865168,185440,2612.428338289261,0.02142929588910192,4.7039453125,0.3018810499459505,0.39631943698972466
1630016,44687,581.322170511193,0.0,0.53965088,1505.3157894736842,195456,2629.65802693367,0.02123609954258427,4.78740234375,0.3040937252342701,0.3795105693489313
1640000,44999,582.0536633900125,0.0,0.5402,1539.6,205440,2646.811084508896,0.021116865761578084,4.7625,0.30096785597503184,0.42518466264009475
1650016,45312,581.2549855859374,0.0,0.54075088,1528.65,215456,2664.0427646636963,0.01922936235321686,4.69083984375,0.2865414906293154,0.3640973134711385
1660000,45624,581.9131616992398,0.0,0.5413,1510.3,225440,2681.1999638080597,0.01864534231601283,4.5896484375,0.27540108717978,0.33697396494448184
1670016,45937,581.1809336696027,0.0,0.54185088,1529.55,235456,2698.433839559555,0.019730962296016515,4.70306640625,0.29324249021708965,0.4364345691911876
1680000,46249,581.5592036186607,0.0,0.5424,1506.35,245440,2715.6014811992645,0.01988254951313138,4.62138671875,0.2897228117287159,0.3528913932666182
1690016,46562,582.1532466083735,0.0,0.54295088,1465.45,255456,2732.8065729141235,0.019986014696769416,4.57912109375,0.2927268464118242,0.35413054440170527
1700000,46874,582.0328155800362,0.0,0.5435,1402.65,265440,2749.9602448940277,0.022013400765135884,4.69302734375,0.30524563692510126,0.41368130821734667
1710016,47187,582.0710861597801,0.0,0.54405088,1378.7,275456,2767.1677651405334,0.023381111270282418,4.82236328125,0.3165361586213112,0.4716340050473809
1720000,47499,574.6547175358695,0.0,0.5446,1389.6,285440,2784.5416762828827,0.02194993392098695,4.87875,0.31158320799469946,0.35229311268776653
1730016,47812,562.8615870649534,0.0,0.54515088,1422.25,295456,2802.3364596366882,0.022999171852134168,4.88267578125,0.3216176176071167,0.4759370343014598
1740000,48124,566.8994217429571,0.0,0.5457000000000001,1467.25,305440,2819.9480493068695,0.02253550017718226,4.9627734375,0.31810617581009865,0.4391294464468956
1750016,48437,561.8962335550802,0.0,0.54625088,1507.0,315456,2837.773404598236,0.0230230568558909,5.071796875,0.32081383749842646,inf
1760000,48749,286.12071494903597,0.0,0.5468,1552.95,325440,2872.6677672863007,0.024978650133125484,5.08177734375,0.32869307532906533,0.5444868806749582
1770016,49062,565.03315363657,0.0,0.54735088,1564.35,335456,2890.394160747528,0.021547732027247548,4.98201171875,0.3136907247453928,0.43004994582384826
1780000,49374,412.5883267775861,0.0,0.5479,1554.25,345440,2914.5926156044006,0.02389732575044036,5.03326171875,0.31895033657550814,0.43649465531110765
1790016,49687,364.9869610716417,0.0,0.5484508800000001,1545.55,355456,2942.034691810608,0.023824894530698658,5.00634765625,0.33034159153699877,0.4242565719038248
1800000,49999,377.8886509499165,0.0,0.549,1560.0,365440,2968.4551730155945,0.02356708958745003,4.90990234375,0.3226180858910084,0.4233831775188446
1810016,50312,375.13771473700564,0.0,0.54955088,1659.5,375456,2995.15470123291,0.023901264644227923,4.86748046875,0.3197042036056519,0.41761203430593014
1820000,50624,379.24648479155337,0.0,0.5501,1669.05,385440,3021.4805879592896,0.02199267001124099,4.767265625,0.3115100511908531,inf
1830016,50937,373.21907448500616,0.0,0.5506508800000001,1691.5,395456,3048.3173727989197,0.022031204444356262,4.68630859375,0.31156413480639455,0.48158121220767497
1840000,51249,380.76535267457683,0.0,0.5512,1708.85,405440,3074.5382459163666,0.02150484268553555,4.7816015625,0.3099160985648632,0.42203882496804
1850016,51562,379.3408205368415,0.0,0.55175088,1727.15,415456,3100.941942691803,0.02165347108617425,4.7439453125,0.30712065033614633,0.4435534765943885
1860000,51874,404.12539337897414,0.0,0.5523,1744.35,425440,3125.647145986557,0.02225247667171061,4.75380859375,0.31806203119456766,0.4636871656775475
1870016,52187,439.0090922107899,0.0,0.55285088,1740.05,435456,3148.462163209915,0.02345671156421304,4.86318359375,0.3276059299707413,0.4566584488004446
1880000,52499,444.90707403092284,0.0,0.5534,1747.35,445440,3170.902804374695,0.024571400543209165,4.88189453125,0.32937919691205025,0.4882735741138458
1890016,52812,445.5095864394022,0.0,0.55395088,1797.05,455456,3193.3849244117737,0.022380437427200375,4.90083984375,0.3163179010152817,0.4275643366016448
1900000,53124,442.4026447515077,0.0,0.5545,1860.5,465440,3215.9526014328003,0.023165174522437156,4.873515625,0.3215494859218597,0.4504307851567864
1910016,53437,444.74928027307953,0.0,0.55505088,1861.95,475456,3238.4731550216675,0.023085882663726808,4.78234375,0.31916560754179957,0.4782844407111406
1920000,53749,444.44393055073505,0.0,0.5556,1930.8,485440,3260.937180995941,0.021825753767043352,4.849375,0.3141954828798771,0.4391355089098215
1930016,54062,444.9108711335638,0.0,0.55615088,1951.2,495456,3283.450301170349,0.021903679831884803,4.8347265625,0.31769772425293924,0.40217465069144964
1940000,54374,422.7647750832879,0.0,0.5567,1969.4,505440,3307.0655245780945,0.021254602298140527,4.76103515625,0.310200856924057,0.40454012859612704
1950016,54687,431.5001918838912,0.0,0.55725088,1949.6,515456,3330.27756524086,0.020529011152684688,4.82490234375,0.3108645522594452,0.45133486568927766
1960000,54999,427.2574710034072,0.0,0.5578000000000001,1915.6,525440,3353.645208120346,0.02059549101628363,4.7566796875,0.307044705748558,0.4090500515699387
1970016,55312,440.59747515992393,0.0,0.55835088,1862.55,535456,3376.3779757022858,0.021016871177125723,4.76232421875,0.3110914817452431,0.4371788892522454
1980000,55624,444.7096728049255,0.0,0.5589000000000001,1877.6,545440,3398.8285779953003,0.020330521322321146,4.81095703125,0.3054878205060959,0.42538739178329704
1990016,55937,435.47915919296304,0.0,0.55945088,1869.0,555456,3421.828530550003,0.020722067209426313,4.90978515625,0.3067901752144098,0.4127594146504998
2000000,56249,433.6744063390883,0.0,0.56,1904.25,565440,3444.850410223007,0.021417333972640337,4.859765625,0.3083826883137226,0.3893014200404286
2010016,56562,253.24068786172194,0.0,0.56055088,1938.5,575456,3484.4173622131348,0.022185446708463133,4.9819140625,0.31722179174423215,0.36812891900539396
2020000,56874,418.7317671843546,0.0,0.5611,1927.9,585440,3508.245142698288,0.022853730474598707,5.0363671875,0.3238692469894886,0.3703831535205245
2030016,57187,422.9155177452145,0.0,0.56165088,1912.75,595456,3531.928359746933,0.022568663679994643,5.12052734375,0.3228053787350655,0.3386853335425258
2040000,57499,427.40262332314927,0.0,0.5622,1897.45,605440,3555.288066625595,0.023285668846219777,5.15060546875,0.32085139244794847,inf
2050016,57812,433.2347085628274,0.0,0.5627508800000001,1929.75,615456,3578.4071745872498,0.022943783989176153,5.1966796875,0.32308040067553523,0.40245228599756955
2060000,58124,432.39302223735217,0.0,0.5633,1926.15,625440,3601.4982788562775,0.020797331992071122,5.19345703125,0.3132886486500502,0.3771500160545111
2070016,58437,429.8084678966184,0.0,0.56385088,1930.6,635456,3624.800682067871,0.021392834025900812,5.2700390625,0.320845512598753,0.3595802461542189
2080000,58749,423.75657518717003,0.0,0.5644,1950.1,645440,3648.36137843132,0.021111991608049722,5.24380859375,0.3135216710716486,0.35252956207841635
2090016,59062,427.6065131783565,0.0,0.56495088,1987.05,655456,3671.7847821712494,0.022477770035620778,5.03861328125,0.3233984985947609,0.3711758711561561
2100000,59374,437.21725995755696,0.0,0.5655,1999.95,665440,3694.6201112270355,0.02324245621683076,5.1300390625,0.3291171459853649,0.4477004786208272
2110016,59687,437.0655089170775,0.0,0.56605088,1978.7,675456,3717.536584377289,0.022304767346940934,5.1678125,0.3195429810881615,inf
2120000,59999,436.6935740678924,0.0,0.5666,2010.9,685440,3740.3992977142334,0.020890538000967355,5.11220703125,0.31057466894388197,0.36757592525333166
2130016,60312,436.58449617148136,0.0,0.56715088,1939.9,695456,3763.3410193920135,0.020931949412915856,5.10505859375,0.31365606650710104,0.3540932260453701
2140000,60624,435.13087106171804,0.0,0.5677,1942.8,705440,3786.285840511322,0.02180500665679574,5.13068359375,0.3182355411350727,0.3731898069381714
2150016,60937,435.0141882776362,0.0,0.56825088,1971.65,715456,3809.310376882553,0.021119270455092192,5.2101953125,0.3195544578880072,0.397051055431366
2160000,61249,434.3832606033734,0.0,0.5688,1980.7,725440,3832.294687986374,0.02138439127942547,5.2229296875,0.31752455785870554,0.36316335301846264
2170016,61562,434.85374090429406,0.0,0.56935088,2003.05,735456,3855.3277196884155,0.02275021449662745,5.1934765625,0.32572237253189085,0.32762435875833035
2180000,61874,434.85314358186764,0.0,0.5699000000000001,2093.05,745440,3878.28719496727,0.021969497257377953,5.21728515625,0.3233382900059223,0.3590475049614906
2190016,62187,436.16799403956384,0.0,0.57045088,2145.4,755456,3901.2508239746094,0.022858330332674086,5.189140625,0.3301894311606884,inf
2200000,62499,428.3075413988773,0.0,0.5710000000000001,2150.0,765440,3924.5611770153046,0.02530096032191068,5.32900390625,0.3446292470395565,0.4010284128785133
2210016,62812,438.02595761195806,0.0,0.57155088,2170.25,775456,3947.427401781082,0.023113410733640195,5.34703125,0.33506201148033143,0.41498750567436216
2220000,63124,429.4290691962975,0.0,0.5721,2147.6,785440,3970.6768758296967,0.023748015076853334,5.3997265625,0.3353618855774403,0.39292935878038404
2230016,63437,427.22383111780783,0.0,0.57265088,2148.4,795456,3994.121260881424,0.02407631790963933,5.47703125,0.3385189585387707,0.36000331860035656
2240000,63749,317.45838511422477,0.0,0.5732,2173.45,805440,4025.571052312851,0.024004695222247394,5.54337890625,0.33869298830628397,0.409379106387496
2250016,64062,426.3413264995557,0.0,0.57375088,2173.45,815456,4049.063966035843,0.022802298460155725,5.60126953125,0.3281023927032948,0.3516518130339682
2260000,64374,234.5987096422301,0.0,0.5743,2201.9,825440,4091.6217448711395,0.023800798675511034,5.612578125,0.3348188395798206,0.42289610255509613
2270016,64687,438.77508034589766,0.0,0.5748508800000001,2225.85,835456,4114.448930025101,0.02375621013576165,5.575078125,0.3370117488503456,0.41783310744911434
2280000,64999,435.1085363695112,0.0,0.5754,2225.85,845440,4137.39492893219,0.025438693962059916,5.5216796875,0.3480728806555271,0.44801170371472837
2290016,65312,441.8558272772865,0.0,0.57595088,2263.35,855456,4160.06295633316,0.024831546684727073,5.50328125,0.346476037055254,0.4126912786066532
2300000,65624,437.63046661322693,0.0,0.5765,2348.3,865440,4182.876724481583,0.023138803825713695,5.4359375,0.3363575980067253,0.3805955018475652
2310016,65937,432.3929545250308,0.0,0.57705088,2412.9,875456,4206.0408391952515,0.022110022264532746,5.311640625,0.3289789244532585,0.4328076760470867
2320000,66249,311.3305884709445,0.0,0.5776,2464.75,885440,4238.109644412994,0.021059742462821305,5.221171875,0.31775069668889044,0.34757214032113554
2330016,66562,428.0931094016546,0.0,0.57815088,2442.9,895456,4261.506423711777,0.020706423735246064,5.24365234375,0.3156649674475193,0.3635183350369334
2340000,66874,425.832365662028,0.0,0.5787,2428.15,905440,4284.952269554138,0.02089253815356642,5.2303125,0.3163007751107216,0.384027365334332
2350016,67187,425.79638758503353,0.0,0.57925088,2474.9,915456,4308.4752497673035,0.021383602172136307,5.254453125,0.3205086947232485,0.3832451808452606
2360000,67499,430.08356649592156,0.0,0.5798,2459.15,925440,4331.6893429756165,0.01982773161493242,5.28001953125,0.3180823535472155,0.34679957553744317
2370016,67812,433.56908527351027,0.0,0.58035088,2470.75,935456,4354.790621042252,0.02312523018103093,5.4440234375,0.33284083113074303,inf
2380000,68124,428.24209446112076,0.0,0.5809,2470.75,945440,4378.104536533356,0.023594936700537802,5.55123046875,0.3412403851747513,0.4189931650459766
2390016,68437,429.61194575909167,0.0,0.58145088,2569.85,955456,4401.41859960556,0.022563338028267026,5.56876953125,0.3379385958611965,0.37264045828953385
2400000,68749,431.45480425704284,0.0,0.5820000000000001,2644.1,965440,4424.574612379074,0.02483817499363795,5.67279296875,0.3543426063656807,0.43334030695259573
2410016,69062,435.546801401139,0.0,0.58255088,2737.9,975456,4447.55529499054,0.024619917748495937,5.69298828125,0.3462766402959824,0.41334728758782147
2420000,69374,442.21935784735257,0.0,0.5831,2745.8,985440,4470.1323256492615,0.023860931228846312,5.75015625,0.34367585852742194,0.4135154873877764
2430016,69687,441.7668806429512,0.0,0.58365088,2760.8,995456,4492.804917097092,0.02429961462970823,5.74927734375,0.34659243255853656,0.4395428828522563
2440000,69999,429.0377911750707,0.0,0.5842,2801.55,1005440,4516.075594425201,0.02280258821323514,5.69685546875,0.33758782386779784,inf
2450016,70312,426.91008982213367,0.0,0.5847508800000001,2808.8,1015456,4539.537209033966,0.021810524521861226,5.524140625,0.3263821165263653,0.355314360447228
2460000,70624,426.5249487356421,0.0,0.5853,2817.05,1025440,4562.944983959198,0.021508734300732614,5.5347265625,0.33076884686946867,0.3848135197907686
2470016,70937,424.4315177626386,0.0,0.58585088,2823.15,1035456,4586.543608427048,0.02176643188111484,5.60734375,0.3288633117079735,0.33897996187210083
2480000,71249,428.55828804498276,0.0,0.5864,2815.35,1045440,4609.840322732925,0.022623501825146376,5.67998046875,0.3339667908847332,0.43212057948112487
2490016,71562,428.71611890765274,0.0,0.5869508800000001,2899.3,1055456,4633.203101873398,0.0228138804808259,5.71181640625,0.34110390573740007,0.41959866479039193
2500000,71874,427.31612446005664,0.0,0.5875,2903.15,1065440,4656.567537307739,0.022429654845036565,5.71015625,0.3383043938875198,0.35827498517930506
2510016,72187,250.87979376452157,0.0,0.58805088,2895.15,1075456,4696.491039514542,0.02377695213537663,5.74466796875,0.34374916583299636,0.40805460199713706
2520000,72499,432.5319728116706,0.0,0.5886,2941.25,1085440,4719.573726177216,0.021209138748236,5.6648046875,0.3300398038327694,0.3614144079387188
2530016,72812,428.84645259747066,0.0,0.58915088,3038.45,1095456,4742.929404973984,0.02222822436131537,5.61400390625,0.3306027963757515,inf
2540000,73124,434.5033355054731,0.0,0.5897,3025.8,1105440,4765.907364368439,0.020844265050254763,5.49287109375,0.3199256953597069,0.3833657013997436
2550016,73437,433.4301863648278,0.0,0.59025088,3022.7,1115456,4789.0160455703735,0.021175329035613685,5.48939453125,0.3220601788163185,0.36085543325170877
2560000,73749,434.625204485963,0.0,0.5908,3054.35,1125440,4811.987561941147,0.022319788853637876,5.49716796875,0.3302176911383867,0.3883246709778905
2570016,74062,433.25350534980066,0.0,0.59135088,3056.9,1135456,4835.105666875839,0.021504530301317572,5.41560546875,0.3267766647040844,0.37044694386422633
2580000,74374,434.1875763919853,0.0,0.5919000000000001,3071.75,1145440,4858.100336790085,0.02027156963944435,5.4071484375,0.32234435006976125,0.3576436223834753
2590016,74687,446.5284060892866,0.0,0.59245088,3054.7,1155456,4880.531160593033,0.02293730463832617,5.442734375,0.33162265047430994,inf
2600000,74999,436.3830692677875,0.0,0.593,3167.45,1165440,4903.410141706467,0.022673350139521063,5.45919921875,0.33134227350354195,0.3934654242545366
2610016,75312,436.7958069081991,0.0,0.59355088,3176.3,1175456,4926.340764760971,0.021764089905191214,5.5535546875,0.3279457439482212,0.33824892099946735
2620000,75624,445.4539026574609,0.0,0.5941000000000001,3160.5,1185440,4948.753858327866,0.02156427760841325,5.57783203125,0.32829316824674604,0.3617894637957215
2630016,75937,443.93056253168317,0.0,0.59465088,3186.1,1195456,4971.315945386887,0.022480118023231625,5.58771484375,0.3326470045745373,0.34715853046625855
2640000,76249,354.06076760121863,0.0,0.5952000000000001,3182.3,1205440,4999.5144946575165,0.022122279370669275,5.55990234375,0.33245016396045685,0.4006042036041617
2650016,76562,443.59218329776496,0.0,0.59575088,3199.1,1215456,5022.093792438507,0.021091408233623953,5.49509765625,0.33049424812197686,0.37444461474195123
2660000,76874,441.0183080190416,0.0,0.5963,3221.05,1225440,5044.732308387756,0.02135154529940337,5.63439453125,0.3283780045807362,inf
2670016,77187,431.2084436164779,0.0,0.5968508800000001,3212.95,1235456,5067.975344657898,0.022035041367635132,5.68654296875,0.3359685944020748,0.3842719915509224
2680000,77499,398.4015347598585,0.0,0.5974,3304.0,1245440,5093.020198345184,0.020653646180871874,5.7086328125,0.32903520449995993,0.39456979181617496
2690016,77812,441.36359270498434,0.0,0.59795088,3341.35,1255456,5115.71350646019,0.021481070935260506,5.7795703125,0.33752826884388926,0.3833347816951573
2700000,78124,431.99683485149376,0.0,0.5985,3311.5,1265440,5138.824786901474,0.022588202047627418,5.79671875,0.33823712065815925,0.413430953361094
2710016,78437,430.8465915176196,0.0,0.5990508800000001,3283.05,1275456,5162.072040557861,0.02177481013350189,5.87724609375,0.33912526205182075,0.3990644543617964
2720000,78749,431.1713682383446,0.0,0.5996,3295.6,1285440,5185.227566957474,0.02230296784080565,5.910078125,0.3448605890572071,0.42384587693959475
2730016,79062,433.18957076654516,0.0,0.60015088,3318.25,1295456,5208.349083900452,0.02231531925033778,5.96771484375,0.34656712025403974,inf
2740000,79374,434.23335145130625,0.0,0.6007,3325.05,1305440,5231.3413298130035,0.021920846588909627,5.96271484375,0.3383143255114555,0.3852791916579008
2750016,79687,433.22493326982965,0.0,0.60125088,3326.35,1315456,5254.460959434509,0.02353657261352055,5.945546875,0.35000296890735627,0.4100345266610384
2760000,79999,177.22229986161477,0.0,0.6018,3295.95,1325440,5310.796984910965,0.023197882752865554,6.07126953125,0.34998715177178386,0.4011662505194545
2770016,80312,443.05517133144315,0.0,0.60235088,3300.85,1335456,5333.4036502838135,0.02248299641534686,5.9894140625,0.3370229880511761,0.3606888813152909
2780000,80624,400.2012815827767,0.0,0.6029,3356.75,1345440,5358.351096630096,0.02222108650486916,5.93140625,0.3375487433373928,0.37845235846936703
2790016,80937,428.2386481839209,0.0,0.60345088,3405.25,1355456,5381.739924430847,0.023243571841157974,5.93587890625,0.3436589689552784,0.4795308275893331
2800000,81249,424.81494215670836,0.0,0.6040000000000001,3372.65,1365440,5405.241922616959,0.02196864305762574,6.01787109375,0.33749448716640473,inf
2810016,81562,420.84306040517055,0.0,0.60455088,3369.15,1375456,5429.041768550873,0.022727522265631704,6.08486328125,0.34210089057683946,0.40794848453253507
2820000,81874,426.9364072913958,0.0,0.6051,3335.4,1385440,5452.42698431015,0.022114926693029703,6.0490625,0.3382889698445797,0.4412270621955395
2830016,82187,431.7261025033962,0.0,0.60565088,3324.0,1395456,5475.626878738403,0.02153340941760689,6.133125,0.3323397658765316,0.3719406329840422
2840000,82499,440.153417157422,0.0,0.6062000000000001,3357.45,1405440,5498.309878826141,0.023204568377695977,6.01271484375,0.34178767547011374,0.38139640115201473
2850016,82812,445.0063914915503,0.0,0.6067508800000001,3316.4,1415456,5520.833261489868,0.021524944929406046,6.08791015625,0.33930871829390524,0.390275338627398
2860000,83124,436.95554278902745,0.0,0.6073,3318.0,1425440,5543.6664271354675,0.022899063443765043,6.148671875,0.3479498678445816,inf
2870016,83437,441.0346792706604,0.0,0.60785088,3356.25,1435456,5566.376659393311,0.021255316857714205,6.2026953125,0.3377510505914688,0.4209871827438474
2880000,83749,439.78615133228504,0.0,0.6084,3380.65,1445440,5589.078602075577,0.022553630450274795,6.1659375,0.3481073060631752,0.34991709075868127
2890016,84062,443.41517669773583,0.0,0.6089508800000001,3211.35,1455456,5611.66691327095,0.02267078713979572,6.2285546875,0.34973792180418967,0.4570443921908736
2900000,84374,443.1403529479665,0.0,0.6095,3209.3,1465440,5634.197021245956,0.0226748962351121,6.307890625,0.34698396652936936,0.36206404957920313
2910016,84687,437.2673953507868,0.0,0.6100508800000001,3260.05,1475456,5657.102913856506,0.023406448871828616,6.333046875,0.35071397066116333,0.37559081468731165
2920000,84999,428.6422016956903,0.0,0.6106,3312.7,1485440,5680.395067453384,0.023454690435901284,6.4184375,0.3608256259560585,0.41819990761578085
2930016,85312,436.77948069879767,0.0,0.6111508800000001,3261.5,1495456,5703.326547622681,0.02268115106737241,6.39033203125,0.3503480477631092,inf
2940000,85624,433.5108264320462,0.0,0.6117,3327.75,1505440,5726.357114315033,0.023324950949754567,6.2623046875,0.35486703768372535,0.4128170720860362
2950016,85937,423.9671019649277,0.0,0.6122508799999999,3339.55,1515456,5749.981588840485,0.023093670781236142,6.2333203125,0.34883661538362504,0.39419180497527123
2960000,86249,424.17647763946314,0.0,0.6128,3322.35,1525440,5773.518961906433,0.023293015828821807,6.2832421875,0.35440221533179284,0.38117409534752367
2970016,86562,427.12928163179276,0.0,0.61335088,3314.35,1535456,5796.968536615372,0.022592436275444924,6.2825,0.34726513668894765,0.38206371262669564
2980000,86874,426.177514869499,0.0,0.6139,3312.15,1545440,5820.395394325256,0.022502480829134582,6.2681640625,0.35019627690315247,0.39070064209401606
2990016,87187,423.73653368100923,0.0,0.61445088,3308.45,1555456,5844.032723665237,0.022912821599747987,6.2798828125,0.3506537526845932,0.4128900417685509
3000000,87499,424.8511802083063,0.0,0.615,3282.3,1565440,5867.532717227936,0.02172329560853541,6.240390625,0.3487175460159779,inf
3010016,87812,243.665787125808,0.0,0.61555088,3361.35,1575456,5908.638200759888,0.021640046583488583,6.25349609375,0.342307098954916,0.34524674650281667
3020000,88124,386.6937206445392,0.0,0.6161,3354.9,1585440,5934.457083940506,0.023110741344280542,6.27283203125,0.35194417655467986,0.3942627518624067
3030016,88437,425.57467688704116,0.0,0.61665088,3319.35,1595456,5957.992318868637,0.022725311687681823,6.2468359375,0.35199614346027375,0.43289012745022776
3040000,88749,431.7419026248231,0.0,0.6172,3427.05,1605440,5981.117245912552,0.022931773927994073,6.25283203125,0.35406517431139944,0.39127172358334067
3050016,89062,440.55074398805044,0.0,0.61775088,3402.1,1615456,6003.852424860001,0.024072532285936178,6.26708984375,0.35955409064888955,0.39476386599242685
3060000,89374,433.7774231718281,0.0,0.6183000000000001,3402.1,1625440,6026.868837118149,0.02353800993412733,6.35953125,0.35498317793011663,0.38761241868138313
3070016,89687,426.52668664766037,0.0,0.61885088,3426.75,1635456,6050.3515412807465,0.022598975845612587,6.34373046875,0.35160849869251254,0.4206019039824605
3080000,89999,435.04761591311967,0.0,0.6194000000000001,3402.65,1645440,6073.300753355026,0.021148534086532892,6.2389453125,0.3408751231431961,0.35812573600560427
3090016,90312,445.4516049349204,0.0,0.61995088,3422.1,1655456,6095.785799741745,0.02292910954216495,6.39646484375,0.34980459526181223,0.3816070663556457
3100000,90624,442.2535864648213,0.0,0.6205,3401.3,1665440,6118.361083030701,0.024346435582265256,6.3551171875,0.3664642061293125,0.4669779431819916
3110016,90937,441.2342670791322,0.0,0.6210508800000001,3364.5,1675456,6141.061042547226,0.022506328716408463,6.3553125,0.3494426843523979,0.4098391553014517
3120000,91249,446.14495579859204,0.0,0.6216,3424.0,1685440,6163.43941950798,0.022636030584108083,6.416328125,0.3520384095609188,0.4423535436484963
3130016,91562,169.992363457001,0.0,0.62215088,3490.35,1695456,6222.359713315964,0.022390535490121693,6.4953515625,0.3516985508799553,inf
3140000,91874,442.318779804031,0.0,0.6227,3479.6,1705440,6244.9316692352295,0.023639937406405808,6.47751953125,0.35986309230327607,0.4488443684577942
3150016,92187,443.3005033664127,0.0,0.6232508800000001,3601.05,1715456,6267.52582359314,0.021931088420096785,6.57169921875,0.34858031779527665,0.4224436647072434
3160000,92499,439.4415072494903,0.0,0.6238,3620.45,1725440,6290.245570898056,0.02271774326218292,6.60591796875,0.353428001999855,0.38518158067017794
3170016,92812,440.15581045572856,0.0,0.62435088,3698.2,1735456,6313.001149177551,0.021686127176508307,6.55498046875,0.3531350050866604,0.4031694658845663
3180000,93124,446.28770724620733,0.0,0.6249,3718.05,1745440,6335.372368097305,0.021897110748104753,6.52544921875,0.3506081041693687,0.3873460600152612
3190016,93437,434.36413022349706,0.0,0.62545088,3718.05,1755456,6358.431362390518,0.0217974293907173,6.448203125,0.346815045773983,0.41823227029293775
3200000,93749,432.22456755848515,0.0,0.626,3711.65,1765440,6381.530465841293,0.021791353081353007,6.54705078125,0.34647629156708715,0.35883959038183094
3210016,94062,416.036681292402,0.0,0.62655088,3691.0,1775456,6405.605266094208,0.02256047409027815,6.5221875,0.3501976552605629,0.4007558861747384
3220000,94374,414.89865037535185,0.0,0.6271,3652.6,1785440,6429.668974161148,0.021292897216044368,6.42873046875,0.35120276242494586,0.4414814878255129
3230016,94687,415.09235746536314,0.0,0.62765088,3659.95,1795456,6453.798543930054,0.02089649989036843,6.36052734375,0.3435895888507366,0.34715785056352616
3240000,94999,422.6251310537698,0.0,0.6282000000000001,3659.95,1805440,6477.4223165512085,0.021419765416067094,6.44646484375,0.3488308152556419,0.4083333956822753
3250016,95312,425.28242372180307,0.0,0.62875088,3724.65,1815456,6500.9737248420715,0.020543698340188713,6.42771484375,0.3422614389657974,0.38406282015144827
3260000,95624,192.42528244634786,0.0,0.6293,3806.05,1825440,6552.858798742294,0.021402580053545534,6.51861328125,0.3481712366640568,inf
3270016,95937,427.0304158425954,0.0,0.62985088,3913.75,1835456,6576.313802480698,0.021283538757124916,6.52416015625,0.3478742170333862,0.35229210460558535
3280000,96249,438.30703822763564,0.0,0.6304000000000001,3955.05,1845440,6599.092355251312,0.021116869188845158,6.535546875,0.344648500084877,0.42868453927338124
3290016,96562,444.72162937212823,0.0,0.63095088,4157.9,1855456,6621.6143090724945,0.021557759779971094,6.68162109375,0.35114100366830825,0.39146018628031015
3300000,96874,434.6533815327872,0.0,0.6315000000000001,4124.05,1865440,6644.584336280823,0.022700246744789182,6.638515625,0.3587347768247128,0.4196162026748061
3310016,97187,435.7804283124493,0.0,0.63205088,4151.6,1875456,6667.568388223648,0.021724880700930954,6.59328125,0.34820337101817134,0.40604749996215106
3320000,97499,435.4196379882569,0.0,0.6326,4151.6,1885440,6690.497992515564,0.02024687364231795,6.61642578125,0.34003409937024115,0.33186597675085067
3330016,97812,435.58648359090046,0.0,0.6331508800000001,4244.9,1895456,6713.49227809906,0.02121632471913472,6.64994140625,0.35194545924663545,inf
3340000,98124,435.9028654092208,0.0,0.6337,4358.0,1905440,6736.396463394165,0.022649108432233334,6.721328125,0.35477896586060526,0.45088014073669913
3350016,98437,435.15402781066683,0.0,0.6342508800000001,4358.2,1915456,6759.413600683212,0.022828096272423864,6.78951171875,0.3620811149477959,0.3930459664389491
3360000,98749,435.991296193448,0.0,0.6348,4358.2,1925440,6782.3131403923035,0.022933451207354665,6.80875,0.3670650079846382,0.39433353502303364
3370016,99062,435.6372360276877,0.0,0.6353508800000001,4335.9,1935456,6805.304747104645,0.02387168433284387,6.7942578125,0.36981961473822594,0.39754286032170055
3380000,99374,434.3699776122134,0.0,0.6359,4494.8,1945440,6828.289761066437,0.023911758679896592,6.87001953125,0.36472913160920145,0.4194089736789465
3390016,99687,434.6908570391892,0.0,0.63645088,4485.95,1955456,6851.331423521042,0.023723472664132713,6.82888671875,0.3730812644958496,0.4257420229911804
3400000,99999,433.6689720462627,0.0,0.637,4635.3,1965440,6874.353591680527,0.02357841556891799,6.895078125,0.3682204630970955,0.40380337115377185
3410016,100312,435.00967475277514,0.0,0.63755088,4650.5,1975456,6897.378366947174,0.021962065461557358,6.9934765625,0.3655033062398434,inf
3420000,100624,434.0607605213937,0.0,0.6381,4713.75,1985440,6920.379755020142,0.02342199327191338,7.02857421875,0.36682033658027646,0.4664561176672578
3430016,100937,434.09127817098783,0.0,0.63865088,4687.4,1995456,6943.453243255615,0.021799221120309086,7.02107421875,0.3544696934521198,0.45842626752331855
3440000,101249,434.9885560405655,0.0,0.6392,4730.25,2000000,6966.405571222305,0.02160079705528915,7.113203125,0.35541139990091325,0.43228604782372715
3450016,101562,435.29268987112835,0.0,0.63975088,4690.8,2000000,6989.415376424789,0.021808268707245587,7.24873046875,0.35699679106473925,0.4067468804121017
3460000,101874,436.33887218698976,0.0,0.6403,4720.75,2000000,7012.296674966812,0.02066899254685268,7.1145703125,0.3464484603703022,0.4200526319071651
3470016,102187,436.28957710905433,0.0,0.64085088,4786.75,2000000,7035.25390458107,0.020968589417170735,6.99615234375,0.3433950360119343,0.3852212579548359
3480000,102499,435.0407958005882,0.0,0.6414,4786.75,2000000,7058.203476428986,0.020513666872866453,6.95220703125,0.34034482046961784,inf
3490016,102812,434.70844891628843,0.0,0.64195088,4849.05,2000000,7081.244206428528,0.020767651915084572,6.9546875,0.34843816608190536,0.4139098368212581
3500000,103124,434.83137921428033,0.0,0.6425000000000001,4878.7,2000000,7104.2048308849335,0.021951701301150026,6.9951171875,0.3564552292227745,0.3902270306646824
3510016,103437,172.3298728952935,0.0,0.6430508800000001,4900.3,2000000,7162.325920581818,0.023728487964253874,6.95580078125,0.3659067241847515,0.4089337543025613
3520000,103749,435.9065997893767,0.0,0.6436,4909.75,2000000,7185.229909658432,0.021930193642619996,6.90990234375,0.3541465547680855,0.41345870595425366
3530016,104062,436.63502309760946,0.0,0.64415088,4929.4,2000000,7208.168976545334,0.024050977397710085,7.00421875,0.3711638693511486,0.4802315564453602
3540000,104374,440.8523444569601,0.0,0.6447,4925.5,2000000,7230.816015005112,0.022234511110000313,7.03033203125,0.36099267601966856,inf
3550016,104687,446.197297421967,0.0,0.64525088,5023.05,2000000,7253.26348400116,0.02173709705006331,6.96078125,0.35686717376112936,0.43741385493427515
3560000,104999,446.31084288268977,0.0,0.6458,4979.8,2000000,7275.633543252945,0.021483027783688158,6.9883203125,0.35748075067996976,0.37201478630304335
3570016,105312,444.9066776231299,0.0,0.64635088,5030.3,2000000,7298.146129608154,0.022859590672887863,6.95701171875,0.363925666064024,0.43390460554510357
3580000,105624,445.8399652279176,0.0,0.6469,4935.15,2000000,7320.539815187454,0.022773353955708443,6.9648828125,0.36576507449150086,0.36550471229478715
3590016,105937,444.29257043291966,0.0,0.6474508800000001,4946.9,2000000,7343.083518743515,0.022952030652668327,6.982109375,0.3715361067652702,0.36619145147502424
3600000,106249,446.12085354535463,0.0,0.648,4918.8,2000000,7365.463104724884,0.024405232178978623,7.02154296875,0.37630942806601525,0.47925497783347965
3610016,106562,444.94314967435224,0.0,0.64855088,4990.9,2000000,7387.973845720291,0.024293561996892095,6.9571484375,0.38277882859110834,inf
3620000,106874,446.02803358329487,0.0,0.6491,5056.2,2000000,7410.358088970184,0.02279150698101148,6.91783203125,0.36397464498877524,0.3779405812174082
3630016,107187,445.6765198560439,0.0,0.64965088,5136.3,2000000,7432.831788063049,0.02365577419754118,6.9825,0.37253321826457975,0.3784203153476119
3640000,107499,445.5539786032234,0.0,0.6502,5420.95,2000000,7455.239847421646,0.021991465762257575,6.94716796875,0.36208766952157023,0.389478772059083
3650016,107812,445.02977355162363,0.0,0.65075088,5661.2,2000000,7477.7462067604065,0.022711938973516227,6.89298828125,0.363084469139576,0.4062949289381504
3660000,108124,446.7442704147644,0.0,0.6513,5669.35,2000000,7500.094562768936,0.022132482901215552,6.96869140625,0.36657369032502174,0.3760794400051236
3670016,108437,445.2492226157357,0.0,0.65185088,5756.35,2000000,7522.589829444885,0.022545179459266363,7.0294921875,0.3666915522515774,0.41147838696837424
3680000,108749,446.0181285429428,0.0,0.6524000000000001,5760.6,2000000,7544.974569797516,0.02452970219310373,7.0088671875,0.3815633043646812,0.38843520436435935
3690016,109062,445.4999107836832,0.0,0.65295088,5617.2,2000000,7567.457178115845,0.02339226630050689,7.118046875,0.37757387101650236,0.4108805904723704
3700000,109374,446.30449271073877,0.0,0.6535,5686.3,2000000,7589.827555656433,0.024704313296824695,7.05099609375,0.38573198035359385,0.4258222123235464
3710016,109687,446.33373635324295,0.0,0.65405088,5718.65,2000000,7612.268162727356,0.023517311827745288,6.98068359375,0.3727569170296192,0.3641367269307375
3720000,109999,446.7621340751415,0.0,0.6546000000000001,5552.2,2000000,7634.615625143051,0.022952215713448822,6.98138671875,0.37367175340652464,0.4102608875930309
3730016,110312,445.25706577057366,0.0,0.65515088,5552.2,2000000,7657.110495567322,0.023818530321586876,6.99146484375,0.3765722417831421,0.43334018664434554
3740000,110624,445.3187778920876,0.0,0.6557000000000001,5606.8,2000000,7679.530390024185,0.02146040978608653,7.02318359375,0.3648340153694153,0.3690624426677823
3750016,110937,445.1286983616249,0.0,0.65625088,5615.9,2000000,7702.031747579575,0.02219565866747871,7.0627734375,0.3667437447607517,0.3747942569479346
3760000,111249,191.59506418166112,0.0,0.6568,5576.65,2000000,7754.141649484634,0.022974857019726187,7.0791015625,0.36621892705559733,inf
3770016,111562,444.5643770165582,0.0,0.6573508800000001,5511.7,2000000,7776.671569824219,0.021910284438636154,7.052109375,0.35688665241003037,0.43212458411231636
3780000,111874,445.9931564923609,0.0,0.6579,5425.9,2000000,7799.05756354332,0.022104520653374492,7.07970703125,0.36036900356411933,0.40990408036857845
3790016,112187,445.0594949420031,0.0,0.65845088,5419.75,2000000,7821.562419891357,0.02041064512450248,7.1809375,0.35469778925180434,0.41093728894367815
3800000,112499,444.880231725656,0.0,0.659,5417.2,2000000,7844.004415035248,0.021553700633812695,7.1270703125,0.3566684859991074,0.437161559574306
3810016,112812,446.50922286455835,0.0,0.6595508800000001,5465.0,2000000,7866.4362025260925,0.022717258434277028,7.23578125,0.3708682510256767,0.49226312967017294
3820000,113124,445.49464802343607,0.0,0.6601,5726.7,2000000,7888.847246170044,0.02274660922586918,7.1137109375,0.3706786108016968,0.454879385009408
3830016,113437,446.66124363786423,0.0,0.66065088,5646.85,2000000,7911.271399021149,0.02176541119813919,7.16986328125,0.35717750385403635,0.3373449234291911
3840000,113749,446.1057452178048,0.0,0.6612,5646.85,2000000,7933.651742935181,0.022906315827276556,7.067890625,0.37195285797119143,0.47233997274190187
3850016,114062,444.4539000633342,0.0,0.66175088,5646.85,2000000,7956.1872634887695,0.021049056183546782,7.1499609375,0.3612066662311554,0.405640873759985
3860000,114374,443.66194544218337,0.0,0.6623,5764.6,2000000,7978.690883874893,0.022021247174125166,7.21271484375,0.37039634451270104,0.3930624280683696
3870016,114687,443.66269284579175,0.0,0.66285088,5722.6,2000000,8001.26659321785,0.023111259953584522,7.29947265625,0.37018999695777893,0.3868710956349969
3880000,114999,443.2047291279716,0.0,0.6634,5625.45,2000000,8023.793428659439,0.02274065649835393,7.3215234375,0.3747039169073105,0.4590688148885965
3890016,115312,443.8032025321434,0.0,0.66395088,5620.15,2000000,8046.361990451813,0.021991930394433437,7.21119140625,0.36078283622860907,inf
3900000,115624,438.16794286237104,0.0,0.6645000000000001,5656.9,2000000,8069.147774219513,0.022589935907162725,7.2953515625,0.37032528191804887,0.42692201014608144
3910016,115937,438.31518525005873,0.0,0.66505088,5637.6,2000000,8091.9989104270935,0.021618129843845965,7.24798828125,0.36431189373135564,0.4406769049167633
3920000,116249,440.06321149151574,0.0,0.6656,5789.75,2000000,8114.686560153961,0.020240260576829313,7.17810546875,0.34873639434576037,0.36173610312864185
3930016,116562,439.86784770712916,0.0,0.66615088,6058.0,2000000,8137.457035541534,0.019959095928352325,7.1533203125,0.3498376534879208,0.37820231940597293
3940000,116874,436.47882393591436,0.0,0.6667000000000001,6160.25,2000000,8160.330997467041,0.02101546790683642,7.14787109375,0.36228870719671247,0.4081445226818323
3950016,117187,436.7551548673606,0.0,0.6672508800000001,6195.85,2000000,8183.2637548446655,0.021474515011068434,7.25611328125,0.3672309784591198,0.4114678846299648
3960000,117499,434.23433756497167,0.0,0.6678000000000001,6350.25,2000000,8206.255948543549,0.021758741019293665,7.34869140625,0.3615041092038155,inf
3970016,117812,435.7816940408211,0.0,0.66835088,6396.1,2000000,8229.239933729172,0.019898877376690507,7.35845703125,0.35651353135704994,0.35421387759968637
3980000,118124,437.64049199960283,0.0,0.6689,6533.25,2000000,8252.053179264069,0.021084347078576683,7.32732421875,0.3640888322889805,0.34840769236907365
3990016,118437,441.8178987253057,0.0,0.6694508800000001,6533.25,2000000,8274.723152637482,0.021802317111287266,7.2980859375,0.36318504825234416,0.39798428494483234
4000000,118749,446.3247948688893,0.0,0.67,6626.85,2000000,8297.108204603195,0.02308900314383209,7.43240234375,0.37860562607645987,0.4654138183221221
4010016,119062,165.4060717231495,0.0,0.6705508800000001,6631.95,2000000,8357.646517038345,0.02229381289915182,7.4831640625,0.3717372384667397,0.37342135030776263
4020000,119374,445.50222166352904,0.0,0.6711,6581.45,2000000,8380.057179689407,0.021895863972604276,7.5567578125,0.3707358367741108,0.37468087177723647
4030016,119687,446.1707835024323,0.0,0.6716508800000001,6739.55,2000000,8402.505982637405,0.021790123162791133,7.70498046875,0.36690899133682253,inf
4040000,119999,446.810050818485,0.0,0.6722,6740.25,2000000,8424.851048469543,0.021891070110723377,7.8504296875,0.37096751064062117,0.3842273399978876
4050016,120312,446.6040349941565,0.0,0.67275088,6740.25,2000000,8447.27807378769,0.021893059909343718,7.74955078125,0.3690384413301945,0.4244590913876891
4060000,120624,446.6164449082682,0.0,0.6733,6704.1,2000000,8469.632826089859,0.02191024024505168,7.76826171875,0.3801285727322102,0.472582918163389
4070016,120937,446.5569656649933,0.0,0.67385088,6704.1,2000000,8492.062215328217,0.022404606058262288,7.88029296875,0.3758633367717266,0.44422471065074204
4080000,121249,446.5947683314091,0.0,0.6744,6716.0,2000000,8514.41805267334,0.022695990912616253,7.8685546875,0.3762036119401455,0.40399254905059934
4090016,121562,446.7738423509686,0.0,0.67495088,6698.85,2000000,8536.836554050446,0.021763720957096666,7.911328125,0.3700167489051819,0.39186909902840855
4100000,121874,445.95675085660133,0.0,0.6755,6601.2,2000000,8559.224375247955,0.02198366535711102,8.00044921875,0.3741224429011345,inf
4110016,122187,447.2975462350808,0.0,0.67605088,6718.65,2000000,8581.61662864685,0.022700741274748,7.99701171875,0.38644815489649775,0.4694032921642065
4120000,122499,444.9003619692604,0.0,0.6766,6718.65,2000000,8604.057608366013,0.02295303317485377,8.068359375,0.37911535501480104,0.43900641314685346
4130016,122812,444.92752344844996,0.0,0.67715088,6713.0,2000000,8626.569139957428,0.023421792527660728,8.0713671875,0.3815411129593849,0.4465519867651164
4140000,123124,446.8877299982622,0.0,0.6777,6687.45,2000000,8648.910321712494,0.02298317730659619,8.16767578125,0.3885012602806091,0.4098800617083907
4150016,123437,446.4586529262604,0.0,0.67825088,6441.0,2000000,8671.344650030136,0.02440847863443196,8.2133984375,0.39372528284788133,0.4380322244390845
4160000,123749,446.65828936740223,0.0,0.6788000000000001,6441.0,2000000,8693.697308063507,0.023943675020709633,8.17294921875,0.3969008447229862,0.5017502691969276
4170016,124062,446.4493487739435,0.0,0.67935088,6385.05,2000000,8716.132103919983,0.024036028208211064,8.2870703125,0.3954017244279385,inf
4180000,124374,445.53229601109734,0.0,0.6799000000000001,6440.25,2000000,8738.54125380516,0.024368849666789174,8.30880859375,0.40202157497406005,0.41475997235625983
4190016,124687,446.17951687266844,0.0,0.68045088,6585.0,2000000,8760.989617347717,0.025032346264924853,8.3428125,0.403389151096344,inf
4200000,124999,446.03136861674204,0.0,0.681,6585.0,2000000,8783.373693227768,0.023764102538116276,8.339453125,0.39022976711392404,0.4725620150566101
4210016,125312,446.41964545522023,0.0,0.6815508800000001,6743.95,2000000,8805.809981822968,0.02313484826590866,8.38443359375,0.39381238222122195,0.38316435672342775
4220000,125624,444.8397404305494,0.0,0.6821,6689.85,2000000,8828.254019737244,0.023376605226658284,8.38478515625,0.39567605793476107,0.4030285984277725
4230016,125937,445.9306763573573,0.0,0.68265088,6689.85,2000000,8850.714910030365,0.02441740143345669,8.391171875,0.4045289295911789,0.4569006448984146
4240000,126249,446.28164310010953,0.0,0.6832,6765.4,2000000,8873.086432933807,0.024228388492483644,8.421171875,0.3981739543378353,0.5122976290807127
4250016,126562,446.97771797904096,0.0,0.6837508800000001,6777.65,2000000,8895.494708776474,0.022639670856297017,8.3075,0.3849522078037262,0.4824659319967031
4260000,126874,161.80704225776606,0.0,0.6843,6857.75,2000000,8957.1978328228,0.023495959881693125,8.2613671875,0.4017750945687294,0.5762065801024437
4270016,127187,445.5137440768145,0.0,0.68485088,6759.8,2000000,8979.679743051529,0.025593830184079708,8.3343359375,0.4065674678981304,0.5257066032662988
4280000,127499,446.1935151788355,0.0,0.6854,6929.95,2000000,9002.055684566498,0.023313516275957225,8.43427734375,0.39875398099422454,0.3911695801652968
4290016,127812,446.5912685646328,0.0,0.68595088,7191.25,2000000,9024.483350992203,0.02410601041978225,8.41361328125,0.3978924255073071,0.4950426572561264
4300000,128124,446.7530543147032,0.0,0.6865,7281.05,2000000,9046.831267595291,0.02427131843753159,8.34896484375,0.3992905159294605,inf
4310016,128437,446.66498113344204,0.0,0.68705088,7269.85,2000000,9069.255232810974,0.023065005457028748,8.429765625,0.3889110152423382,0.46536037713289263
4320000,128749,446.13333924258205,0.0,0.6876,7158.9,2000000,9091.634192466736,0.02455350971315056,8.373359375,0.40283058866858484,0.49191481491550804
4330016,129062,446.0141005992971,0.0,0.68815088,7158.9,2000000,9114.090881586075,0.023828610517084597,8.263984375,0.3988479691743851,0.5309454760700464
4340000,129374,446.1349077275027,0.0,0.6887000000000001,7158.9,2000000,9136.469762563705,0.021553037886042146,8.3368359375,0.3781350550055504,0.4341100703552365
4350016,129687,445.1964324430584,0.0,0.68925088,7171.25,2000000,9158.967696666718,0.023787148757837714,8.280859375,0.3905762541294098,0.5142948854714632
4360000,129999,446.5043028942773,0.0,0.6898,7171.25,2000000,9181.328063488007,0.02343569029821083,8.391171875,0.38577731922268865,0.49142973516136407
4370016,130312,446.49691742320135,0.0,0.69035088,7149.5,2000000,9203.760469198227,0.022930873548611997,8.39978515625,0.39012574538588524,0.4402150173299015
4380000,130624,446.20525373133313,0.0,0.6909000000000001,7278.75,2000000,9226.135822057724,0.02379217353183776,8.46330078125,0.3972553244233131,0.48489211045205594
4390016,130937,446.41206014302094,0.0,0.69145088,7265.65,2000000,9248.572491884232,0.023865234265103938,8.46453125,0.40386937737464906,0.5522308953851461
4400000,131249,443.478454500673,0.0,0.6920000000000001,7498.75,2000000,9271.085423231125,0.022148581079673022,8.3907421875,0.38591892063617705,0.4416056400537491
4410016,131562,443.5224500376264,0.0,0.69255088,7496.6,2000000,9293.668271064758,0.023334338790737093,8.5203515625,0.39053646877408027,0.4408215836435556
4420000,131874,442.90180926046213,0.0,0.6931,7542.25,2000000,9316.210513591766,0.021419876276049764,8.50119140625,0.3808995962142944,0.4125492527335882
4430016,132187,444.754341894907,0.0,0.6936508800000001,7542.25,2000000,9338.730810880661,0.021620990089140833,8.48455078125,0.37149461343884466,inf
4440000,132499,443.6163463167531,0.0,0.6942,7542.25,2000000,9361.23674440384,0.02139874247368425,8.5325390625,0.38121920883655547,0.41563150107860564
4450016,132812,444.4300095725082,0.0,0.6947508800000001,7591.7,2000000,9383.773476362228,0.020720104181673377,8.51861328125,0.3849410535395145,0.38713907267898323
4460000,133124,443.8694688363181,0.0,0.6953,7566.5,2000000,9406.266575574875,0.022633057355415077,8.494609375,0.3872186167538166,0.46496808357536795
4470016,133437,444.7350471391543,0.0,0.6958508800000001,7371.15,2000000,9428.787849903107,0.023065463069360703,8.642890625,0.3911448076367378,0.5023715529963374
4480000,133749,445.51626059360916,0.0,0.6964,7371.15,2000000,9451.197806358337,0.0221217094338499,8.597890625,0.38516136080026625,0.4383857359178364
4490016,134062,444.12946096385457,0.0,0.69695088,7462.9,2000000,9473.749789237976,0.023230235688388348,8.6485546875,0.4013362117111683,inf
4500000,134374,444.123747061968,0.0,0.6975,7521.0,2000000,9496.230010271072,0.02449043886968866,8.8404296875,0.40426004603505133,0.521723053380847
4510016,134687,112.36889010066994,0.0,0.69805088,7521.0,2000000,9585.36500120163,0.023773158222902567,8.812734375,0.3955773687362671,0.4935007865354419
4520000,134999,446.30132482734786,0.0,0.6986,7524.95,2000000,9607.735537528992,0.023468435420654715,8.66546875,0.4006826218962669,0.4709510714933276
4530016,135312,446.9455239809149,0.0,0.69915088,7582.2,2000000,9630.145427465439,0.022798544962424786,8.7309375,0.38867478936910627,0.4104509088769555
4540000,135624,446.1639504560733,0.0,0.6997,7582.2,2000000,9652.522851705551,0.02272927834652364,8.783671875,0.3906440684199333,0.4652496456727386
4550016,135937,447.38143032650487,0.0,0.70025088,7582.2,2000000,9674.910906553268,0.02344168418319896,8.76828125,0.39713225126266477,0.4235201231110841
4560000,136249,446.92237510368903,0.0,0.7008000000000001,7548.55,2000000,9697.250356435776,0.023333112001419066,8.6919140625,0.3933194977045059,0.44109222302213313
4570016,136562,446.99606635279304,0.0,0.70135088,7790.65,2000000,9719.657712459564,0.0222940261522308,8.627578125,0.3902605791389942,0.5048409473523497
4580000,136874,446.18300377932843,0.0,0.7019,8200.1,2000000,9742.034181118011,0.021178308753296734,8.534375,0.3848853746056557,0.46383325394243
4590016,137187,446.62645990971885,0.0,0.70245088,8162.6,2000000,9764.460080385208,0.020520894997753204,8.54140625,0.37373358964920045,0.4131252896413207
4600000,137499,446.60818079261287,0.0,0.7030000000000001,8185.0,2000000,9786.815246343613,0.021304484035354107,8.5697265625,0.3807693640887737,0.4035572423040867
4610016,137812,446.9240084215887,0.0,0.7035508800000001,8346.2,2000000,9809.22621512413,0.019900808923412113,8.585703125,0.36580068722367287,0.4290292186662555
4620000,138124,445.56117973847955,0.0,0.7041000000000001,8373.6,2000000,9831.633912324905,0.020580079129431397,8.53265625,0.3724559128284454,0.4134398713335395
4630016,138437,446.9319677484141,0.0,0.70465088,8512.55,2000000,9854.044481992722,0.01963247577426955,8.4444140625,0.3690707038342953,0.37408954598009586
4640000,138749,446.128144309162,0.0,0.7052,8663.35,2000000,9876.42370223999,0.021769536763895304,8.4751171875,0.3820654717087746,0.45901700012385843
4650016,139062,446.15518464896854,0.0,0.7057508800000001,8575.15,2000000,9898.87329006195,0.0207417768612504,8.59171875,0.3776329444348812,0.5326795150339604
4660000,139374,446.48363213006246,0.0,0.7063,8575.15,2000000,9921.23469209671,0.019703397306147962,8.60421875,0.37286648988723753,0.3956666558980942
4670016,139687,445.2141016960361,0.0,0.70685088,8594.4,2000000,9943.731733322144,0.02107612315565348,8.6700390625,0.3787291778624058,0.4950259189680219
4680000,139999,444.5705200403953,0.0,0.7074,8729.6,2000000,9966.189362764359,0.02129847121424973,8.6144140625,0.3866754885017872,inf
4690016,140312,445.7347018100584,0.0,0.7079508800000001,8801.7,2000000,9988.660128355026,0.021078049000352622,8.5102734375,0.38418636083602903,0.40061043018475173
4700000,140624,445.5049611286814,0.0,0.7085,8789.5,2000000,10011.07065320015,0.02109680095803924,8.53171875,0.3851805491745472,0.36710672251880166
4710016,140937,446.0237559840601,0.0,0.70905088,8783.65,2000000,10033.526856184006,0.021542149647139013,8.542109375,0.3906046758592129,0.3949027801118791
4720000,141249,445.8631351670239,0.0,0.7096,8637.3,2000000,10055.919378042221,0.0211604955047369,8.4478515625,0.38467726707458494,0.38727293118834494
4730016,141562,445.792279255264,0.0,0.71015088,8793.4,2000000,10078.387241363525,0.02011582160834223,8.29572265625,0.37438626289367677,0.3977195831388235
4740000,141874,445.22596473297625,0.0,0.7107,8735.3,2000000,10100.811809539795,0.02054689187789336,8.27693359375,0.3815077079832554,0.44246734557673334
4750016,142187,445.2259260168337,0.0,0.71125088,8675.6,2000000,10123.308253288269,0.019977816031314433,8.468671875,0.37655293971300124,0.40571313312277196
4760000,142499,151.68842482693125,0.0,0.7118,8675.6,2000000,10189.127382278442,0.018930438158567996,8.39810546875,0.3658207814395428,0.35576662722975017
4770016,142812,444.4600364925683,0.0,0.71235088,8675.6,2000000,10211.662591695786,0.019883425096049904,8.405625,0.37437561541795733,0.37895363811403515
4780000,143124,444.28826147975286,0.0,0.7129000000000001,8629.5,2000000,10234.134488582611,0.02109269255073741,8.46744140625,0.3820580640435219,0.44802571144886316
4790016,143437,444.43228519447695,0.0,0.7134508800000001,8705.55,2000000,10256.671105146408,0.020343971810070798,8.56138671875,0.3740606041252613,0.3952795605733991
4800000,143749,444.553935539722,0.0,0.714,8669.55,2000000,10279.12957239151,0.02066353367990814,8.5927734375,0.38461076229810714,0.3644554170407355
4810016,144062,444.14019471857546,0.0,0.71455088,8647.85,2000000,10301.681010246277,0.020989818100351842,8.56056640625,0.38162707790732386,inf
4820000,144374,444.6094564751938,0.0,0.7151000000000001,8666.4,2000000,10324.136672973633,0.021271068437490614,8.561484375,0.3827043268084526,0.4666010169684887
4830016,144687,442.9011355814146,0.0,0.7156508800000001,8735.8,2000000,10346.751200675964,0.020839095313567667,8.422890625,0.38080941408872604,0.4258055892214179
4840000,144999,441.75033102846936,0.0,0.7162,8773.55,2000000,10369.352202415466,0.021513066696934403,8.516328125,0.38856672659516334,0.4440263266861439
4850016,145312,442.19045855524877,0.0,0.71675088,8777.0,2000000,10392.00307559967,0.019874090712983163,8.5159375,0.3848059706389904,0.36365146208554505
4860000,145624,442.7050457770097,0.0,0.7173,8754.6,2000000,10414.555337190628,0.021118800141848623,8.48703125,0.3910220415890217,0.4141308698616922
4870016,145937,442.4019629140203,0.0,0.7178508800000001,8541.2,2000000,10437.19538140297,0.02078039199579507,8.5355859375,0.3864901652932167,0.39475952859967944
4880000,146249,441.030816294344,0.0,0.7184,8552.8,2000000,10459.833255290985,0.02046139449812472,8.5277734375,0.38833765879273413,0.41529948394745586
4890016,146562,443.69228345598793,0.0,0.71895088,8552.8,2000000,10482.407459020615,0.02086056414525956,8.4890625,0.3874303421378136,0.4277205597050488
4900000,146874,446.76007501049554,0.0,0.7195,8757.05,2000000,10504.755024433136,0.019644041054416448,8.5358203125,0.37613274723291396,0.3368231015652418
4910016,147187,445.3512571189957,0.0,0.7200508800000001,8757.05,2000000,10527.24513721466,0.02022287837229669,8.623203125,0.3810964167118073,0.34070594619959593
4920000,147499,444.62356193621923,0.0,0.7206,8760.15,2000000,10549.700087547302,0.02090807052562013,8.627109375,0.38869220644235614,0.38334744950756433
4930016,147812,445.73715634049626,0.0,0.72115088,8769.7,2000000,10572.170729398727,0.020829072264023127,8.7287109375,0.3920071217417717,0.4151750935986638
4940000,148124,444.99983466033495,0.0,0.7217,8730.9,2000000,10594.606692790985,0.021742532479111107,8.896875,0.39965487718582154,inf
4950016,148437,444.4325014738106,0.0,0.72225088,8518.65,2000000,10617.143298387527,0.021425523422658445,8.9066796875,0.3987311218678951,0.5028052751719951
4960000,148749,444.90330201641416,0.0,0.7228000000000001,8600.8,2000000,10639.584129810333,0.021470149860251694,8.935546875,0.3990938434004784,0.40236588530242445
4970016,149062,445.0982367741106,0.0,0.72335088,8600.8,2000000,10662.087027311325,0.022033304653596132,8.8723046875,0.401994191557169,0.44314731866121293
4980000,149374,445.82926638022013,0.0,0.7239,8470.05,2000000,10684.481250286102,0.02108066982589662,8.904140625,0.3868534760177135,0.3754640398174524
4990016,149687,444.416878184443,0.0,0.72445088,8574.45,2000000,10707.018648147583,0.020775529174134135,8.9442578125,0.38225188717246056,0.4788273607566953
5000000,149999,444.7751010164024,0.0,0.7250000000000001,8767.6,2000000,10729.46594786644,0.021164075834676624,8.975859375,0.38970067620277404,0.46283047342672945
5010016,150312,119.50117338727914,0.0,0.7255508800000001,8643.0,2000000,10813.281024456024,0.021368494781199843,8.9861328125,0.3895703406631947,0.42363370273262263
5020000,150624,441.4413957700766,0.0,0.7261,8692.85,2000000,10835.898843050003,0.020616744423750787,8.9759765625,0.3880817726254463,0.4487409340776503
5030016,150937,441.600824795152,0.0,0.72665088,8746.9,2000000,10858.578960180283,0.020427794659044592,9.0484765625,0.3952131260931492,0.41086504511535166
5040000,151249,441.44326649326354,0.0,0.7272000000000001,8816.7,2000000,10881.195683002472,0.022931085154414176,9.040390625,0.40871075451374056,0.5073944053053856
5050016,151562,440.47685559733065,0.0,0.7277508800000001,8936.9,2000000,10903.934675693512,0.021456381999887527,9.081953125,0.3970842069387436,0.43644876185804604
5060000,151874,437.15416861728784,0.0,0.7283000000000001,8923.95,2000000,10926.773300409317,0.02148577489191666,9.2029296875,0.399310085773468,0.45835651671513916
5070016,152187,436.8584572903115,0.0,0.7288508800000001,9046.6,2000000,10949.70063495636,0.02055146059021354,9.300078125,0.39662997841835024,0.49531819662079213
5080000,152499,436.59032380133885,0.0,0.7294,9014.85,2000000,10972.568755149841,0.02068794531398453,9.1959765625,0.39603673815727236,0.3639228020608425
5090016,152812,436.19422462826515,0.0,0.7299508800000001,9009.95,2000000,10995.53100323677,0.01932971740141511,9.0443359375,0.38731965884566305,0.403920078612864
5100000,153124,437.303768002221,0.0,0.7305,8941.75,2000000,11018.361814975739,0.019152635594364257,9.010078125,0.37826482877135276,0.35601545898243786
5110016,153437,437.03344025304864,0.0,0.73105088,8969.75,2000000,11041.27996969223,0.02073046657606028,9.039765625,0.4012624226510525,0.4452516158204526
5120000,153749,435.5537545370561,0.0,0.7316,8987.15,2000000,11064.202513456345,0.02034872314427048,9.09859375,0.40048143446445467,0.42937141954898833
5130016,154062,436.2336851438409,0.0,0.7321508800000001,9127.75,2000000,11087.162684440613,0.02032552846008912,9.1248046875,0.39361059829592704,0.3747579642571509
5140000,154374,436.17309017383093,0.0,0.7327,8719.95,2000000,11110.052679777145,0.01963956299237907,9.1875,0.38814675360918044,0.3722200954705477
5150016,154687,435.7415649895869,0.0,0.7332508799999999,8806.85,2000000,11133.038781642914,0.020714283993002028,9.1231640625,0.3968167133629322,0.45224486250430346
5160000,154999,436.30971701867526,0.0,0.7338,8747.0,2000000,11155.921609163284,0.020493913502432407,9.1429296875,0.3952697041630745,0.4644504559226334
5170016,155312,436.8124704371494,0.0,0.73435088,8757.0,2000000,11178.851357460022,0.02043795589124784,9.260859375,0.4005884820222855,0.4013901666179299
5180000,155624,437.2488923544103,0.0,0.7349000000000001,8702.55,2000000,11201.685034513474,0.019895640665199606,9.21109375,0.38858622521162034,0.3925021894276142
5190016,155937,437.22641886053,0.0,0.73545088,8510.65,2000000,11224.59307384491,0.02013138114241883,9.1655078125,0.3881291329860687,0.35957378735765816
5200000,156249,436.71755197905304,0.0,0.736,8587.0,2000000,11247.454531908035,0.018321753980126233,9.183203125,0.3785039335489273,0.3609088595956564
5210016,156562,436.2442807289808,0.0,0.73655088,8601.0,2000000,11270.414145231247,0.019663170345593242,9.126015625,0.38816814601421357,0.3740047088079155
5220000,156874,436.4514605217196,0.0,0.7371000000000001,8611.7,2000000,11293.289541244507,0.020247249200474472,9.1195703125,0.39435235619544984,0.46468334265053274
5230016,157187,436.36402078489715,0.0,0.73765088,8479.15,2000000,11316.242854356766,0.02075976049527526,9.1126953125,0.39252903804183004,inf
5240000,157499,437.19916549070103,0.0,0.7382,8479.15,2000000,11339.0791285038,0.020470965984277428,9.1846484375,0.39408881708979604,0.4169945042207837
5250016,157812,436.39010723233486,0.0,0.73875088,8703.05,2000000,11362.031069517136,0.020190080306492747,9.12640625,0.39760724142193793,0.5044313273578882
5260000,158124,103.81147016694254,0.0,0.7393000000000001,8577.75,2000000,11458.205413103104,0.020019036845769732,9.13265625,0.3886328208446503,0.400709576420486
5270016,158437,437.09579955234307,0.0,0.73985088,8751.45,2000000,11481.120298147202,0.01939931819913909,9.1440234375,0.39122008994221685,0.36686918035149574
5280000,158749,436.65944936523067,0.0,0.7404000000000001,8847.0,2000000,11503.984798192978,0.020362643245607614,9.0870703125,0.40057511314749716,0.4121191654726863
5290016,159062,437.09116541794396,0.0,0.74095088,8922.05,2000000,11526.899926185608,0.020066897543147208,9.0149609375,0.3980319194495678,inf
5300000,159374,436.7750413756271,0.0,0.7415,8922.05,2000000,11549.758375167847,0.020473358354065566,9.054765625,0.406936179548502,0.3738206708058715
5310016,159687,436.9186491039097,0.0,0.7420508800000001,8968.3,2000000,11572.682551145554,0.020801856939215213,9.087421875,0.410411396920681,0.35251878151670096
5320000,159999,436.32068214176707,0.0,0.7426,8968.3,2000000,11595.564803600311,0.020474021215923132,9.1158203125,0.40567036747932433,0.4036390843614936
5330016,160312,436.3756697774086,0.0,0.74315088,9069.85,2000000,11618.517503976822,0.02175230554305017,9.1097265625,0.41902834370732306,0.3714053683914244
5340000,160624,435.69979880741084,0.0,0.7437,9109.35,2000000,11641.432364225388,0.02097244739532471,9.1675,0.40758138075470923,0.5171368997916579
5350016,160937,436.1890978217919,0.0,0.7442508800000001,9097.2,2000000,11664.394882202148,0.021101690132636578,9.257890625,0.4069402226805687,0.4481798113882542
5360000,161249,440.8940162784032,0.0,0.7448000000000001,9281.1,2000000,11687.039780139923,0.020262913855258375,9.2743359375,0.411116695702076,inf
5370016,161562,439.49833450494117,0.0,0.7453508799999999,9409.95,2000000,11709.829400062561,0.02001529541099444,9.293203125,0.402147236764431,0.43805987216532233
5380000,161874,442.4703505599579,0.0,0.7459,9328.25,2000000,11732.393623828888,0.02024036235641688,9.2607421875,0.3963609191775322,0.445497173499316
5390016,162187,441.9483664327045,0.0,0.74645088,9374.75,2000000,11755.056904792786,0.01865733789280057,9.166796875,0.39103436917066575,0.4128366194292903
5400000,162499,438.7351831003154,0.0,0.7470000000000001,9340.9,2000000,11777.813228845596,0.019260870704893022,9.0527734375,0.3870613011717796,0.46046216759830716
5410016,162812,436.7859338334766,0.0,0.74755088,9329.75,2000000,11800.744370222092,0.018380685364827513,9.100078125,0.3803809803724289,0.34973264440894125
5420000,163124,436.32722874665546,0.0,0.7481,9329.75,2000000,11823.626279354095,0.018804914432112126,9.0519921875,0.38086107254028323,inf
5430016,163437,438.0375995920728,0.0,0.74865088,9436.3,2000000,11846.491896390915,0.01990656967042014,9.011015625,0.3857365372776985,0.3534206387586892
5440000,163749,437.0787001907708,0.0,0.7492000000000001,9206.65,2000000,11869.334464550018,0.019127973157446833,9.0356640625,0.39109308913350105,0.33454669654369357
5450016,164062,436.90977921990196,0.0,0.74975088,9206.65,2000000,11892.259105920792,0.019610757799819113,8.999375,0.3942833161354065,0.4615472438186407
5460000,164374,436.3273333120775,0.0,0.7503000000000001,9115.05,2000000,11915.141009569168,0.019304664542432876,9.1007421875,0.3965220919251442,inf
5470016,164687,436.0522222428547,0.0,0.75085088,9039.95,2000000,11938.110735416412,0.019187147815246136,9.0230859375,0.39223194792866706,0.4338186530955136
5480000,164999,436.4755619822323,0.0,0.7514000000000001,8994.45,2000000,11960.98486828804,0.019477883393410594,8.969921875,0.39691113904118536,0.4146941429376602
5490016,165312,436.19004436974615,0.0,0.7519508800000001,8994.45,2000000,11983.947336435318,0.020215959632769228,8.961640625,0.39537743374705314,0.3915498276054859
5500000,165624,435.31286667861434,0.0,0.7525000000000001,9061.8,2000000,12006.882564783096,0.018698337795212863,8.9696484375,0.3904675428569317,0.2883493637293577
5510016,165937,131.77053157571618,0.0,0.75305088,9061.8,2000000,12082.893489837646,0.01891628031618893,9.0261328125,0.3920092909038067,0.4068604506552219
5520000,166249,435.5326945745721,0.0,0.7536,9075.9,2000000,12105.817142009735,0.01871942207682878,9.0075390625,0.39204941540956495,0.36722007516771554
5530016,166562,436.50537367797966,0.0,0.7541508800000001,8810.55,2000000,12128.763022184372,0.01858289468334988,9.0741796875,0.38819234862923624,0.40024582620710136
5540000,166874,437.36173617228457,0.0,0.7547,8878.4,2000000,12151.590807914734,0.019037596851121635,9.105390625,0.38794492438435557,0.4115710677206516
5550016,167187,436.68281549545964,0.0,0.75525088,8745.15,2000000,12174.527364253998,0.0193365082424134,9.13234375,0.4040425543487072,inf
5560000,167499,436.7761848488751,0.0,0.7558,8869.0,2000000,12197.385753393173,0.02082803410477936,9.0754296875,0.40590246111154554,0.4745239617675543
5570016,167812,436.9283645847986,0.0,0.7563508800000001,8657.95,2000000,12220.309419631958,0.01948869353160262,9.145234375,0.3994212146103382,0.4778072552010417
5580000,168124,437.0795259134331,0.0,0.7569000000000001,8657.95,2000000,12243.151944637299,0.01946076411753893,9.2126171875,0.3985083247721195,0.3956335451826453
5590016,168437,436.4795863605361,0.0,0.75745088,8673.65,2000000,12266.114876747131,0.021060073347762227,9.31125,0.41175331741571425,0.42728240046650173
5600000,168749,436.76826721667544,0.0,0.758,8673.65,2000000,12288.957983970642,0.019845707775093615,9.3687109375,0.4091009460389614,0.3915963832847774
5610016,169062,436.3665091750278,0.0,0.75855088,8778.65,2000000,12311.911166191101,0.019928384949453176,9.367421875,0.3988898418843746,0.3818060439452529
5620000,169374,436.4768949643871,0.0,0.7591000000000001,8595.3,2000000,12334.785229206085,0.019273232894483953,9.4076953125,0.40480770185589793,inf
5630016,169687,435.92213157093994,0.0,0.75965088,8590.0,2000000,12357.761809825897,0.019753772057592867,9.4126953125,0.40489103972911833,0.46835433550179006
5640000,169999,436.58609976632243,0.0,0.7602,8485.65,2000000,12380.63015127182,0.02014801676152274,9.4016015625,0.4108934435248375,0.41861603727564217
5650016,170312,437.12662655063383,0.0,0.76075088,8527.5,2000000,12403.543420314789,0.019191597923636436,9.328125,0.398709292113781,0.40260886553674935
5660000,170624,436.7613474958721,0.0,0.7613000000000001,8596.1,2000000,12426.402585983276,0.018443106500199064,9.3578125,0.3958389230072498,0.3585112018883228
5670016,170937,436.18481802705907,0.0,0.76185088,8549.2,2000000,12449.365329265594,0.019003327800892294,9.477265625,0.3982093466818333,0.44330807469785216
5680000,171249,436.21075580866943,0.0,0.7624,8447.6,2000000,12472.253348112106,0.017112183885183187,9.4116796875,0.3763651047646999,0.365174074973911
5690016,171562,436.9203622326337,0.0,0.76295088,8465.8,2000000,12495.177434206009,0.018037978005595506,9.3752734375,0.3810114796459675,0.4205967640131712
5700000,171874,437.2208890735808,0.0,0.7635000000000001,8513.65,2000000,12518.012573719025,0.01819237190997228,9.3446484375,0.38399161756038663,0.3841918317228556
5710016,172187,436.1066959642958,0.0,0.7640508800000001,8513.65,2000000,12540.979430437088,0.017947045273613186,9.4428515625,0.3894485254585743,0.37565275156870487
5720000,172499,436.1299394405776,0.0,0.7646,8524.45,2000000,12563.871690511703,0.018060732826124876,9.4487890625,0.38197407230734826,0.3835374890267849
5730016,172812,436.66824065554846,0.0,0.76515088,8524.45,2000000,12586.809012413025,0.017454703487455845,9.432890625,0.38731040850281717,0.33924057317897677
5740000,173124,437.8435088097906,0.0,0.7657,8664.7,2000000,12609.611680030823,0.017828372304793446,9.4771875,0.3823505574464798,0.3825166562013328
5750016,173437,437.7959168573372,0.0,0.7662508800000001,8776.7,2000000,12632.489919900894,0.018965940435882657,9.4641015625,0.3984768572449684,inf
5760000,173749,156.19945618657357,0.0,0.7668,8952.45,2000000,12696.408196210861,0.019591409314889462,9.4319140625,0.3970136834681034,inf
5770016,174062,435.93645760410527,0.0,0.76735088,9051.5,2000000,12719.384021759033,0.018640509909018874,9.4846484375,0.40331588134169577,0.4679028413072228
5780000,174374,436.7666181257214,0.0,0.7679,9051.5,2000000,12742.242911577225,0.018165116365998983,9.4396484375,0.39092681735754015,0.42198247427120805
5790016,174687,436.0730070197748,0.0,0.7684508800000001,9039.5,2000000,12765.211542606354,0.017611035606823863,9.431640625,0.3810710896551609,0.40021574875339866
5800000,174999,436.9473359790693,0.0,0.769,9451.5,2000000,12788.06097817421,0.018716487048659473,9.4419140625,0.39488365009427073,0.3859278502687812
5810016,175312,437.2326895315552,0.0,0.76955088,9375.65,2000000,12810.968688964844,0.019204086000099777,9.437734375,0.4096884934604168,0.43024732468649746
5820000,175624,436.8950521606142,0.0,0.7701,9283.0,2000000,12833.820858955383,0.01840535528957844,9.4311328125,0.39917650029063223,0.4032516185566783
5830016,175937,437.04203781254336,0.0,0.77065088,9283.0,2000000,12856.738562822342,0.018731398582458494,9.342890625,0.40040783971548083,0.39320981511846187
5840000,176249,435.45135493122643,0.0,0.7712,9189.8,2000000,12879.666496992111,0.018126228977926075,9.4285546875,0.40092962339520455,0.41991908304393294
5850016,176562,435.9599865491099,0.0,0.77175088,9006.35,2000000,12902.641082525253,0.01654024697607383,9.383828125,0.3801737740635872,0.3232538127992302
5860000,176874,436.8571087558479,0.0,0.7723,9001.9,2000000,12925.495237350464,0.01748690554406494,9.4023828125,0.3880397376418114,0.36833940908312796
5870016,177187,436.7239035339883,0.0,0.77285088,9001.9,2000000,12948.429635763168,0.01691193746053614,9.33421875,0.38094189018011093,0.35400038430467246
5880000,177499,435.79327192817453,0.0,0.7734000000000001,8985.15,2000000,12971.339581012726,0.015723250145092606,9.2506640625,0.3700056122243404,0.3405116542428732
5890016,177812,436.51180510873695,0.0,0.7739508800000001,8781.35,2000000,12994.285123109818,0.01761372387642041,9.34515625,0.38147731438279153,inf
5900000,178124,435.72533613498234,0.0,0.7745,8822.1,2000000,13017.198640346527,0.01747586707235314,9.46390625,0.3879398010671139,0.4189534603431821
5910016,178437,435.6052365847542,0.0,0.77505088,8943.45,2000000,13040.191936016083,0.01661118521587923,9.5409375,0.385011271238327,0.35599387720227244
5920000,178749,436.77412569021163,0.0,0.7756000000000001,8833.15,2000000,13063.050432920456,0.01949036690639332,9.5520703125,0.4076001554727554,0.5367262009717524
5930016,179062,434.30257481277295,0.0,0.7761508800000001,9057.3,2000000,13086.112695455551,0.018058926415396855,9.5559765625,0.3918654552102089,0.36073721188120544
5940000,179374,435.0715851751638,0.0,0.7767,9262.2,2000000,13109.060643196106,0.01721665126271546,9.435703125,0.3927963487803936,0.33357272705063223
5950016,179687,437.4031905435452,0.0,0.77725088,9347.05,2000000,13131.959424495697,0.01693013294134289,9.3519140625,0.387172274440527,0.3226888958737254
5960000,179999,436.6906868769123,0.0,0.7778,9347.05,2000000,13154.82228899002,0.01774266262771562,9.291484375,0.396189054697752,inf
5970016,180312,436.3298796749579,0.0,0.7783508800000001,9347.05,2000000,13177.777398109436,0.017823153962381183,9.361484375,0.39712430074810984,0.3566488592233509
5980000,180624,437.17975349122423,0.0,0.7789,9343.45,2000000,13200.614686250687,0.019842737349681557,9.4297265625,0.4260512164235115,0.40241076294332745
5990016,180937,437.6127464880738,0.0,0.7794508800000001,9379.9,2000000,13223.502502202988,0.017543222198728472,9.3302734375,0.4065619558095932,0.3908245413377881
6000000,181249,436.4261609461997,0.0,0.78,9452.4,2000000,13246.379224300385,0.018678965345025063,9.29796875,0.4059483553469181,0.32277968037873506
6010016,181562,107.71943689247229,0.0,0.7805508800000001,9403.2,2000000,13339.361515045166,0.018142464590491725,9.281171875,0.39975150287151334,0.3443758586421609
6020000,181874,436.0306738441568,0.0,0.7811,9405.2,2000000,13362.258986711502,0.017617299167905002,9.25890625,0.4034486146271229,0.33908646455034613
6030016,182187,436.049502082225,0.0,0.78165088,9477.2,2000000,13385.228855848312,0.018499815831892193,9.35015625,0.4044592849910259,0.32387982223182915
6040000,182499,436.2836838781328,0.0,0.7822,9585.15,2000000,13408.113048791885,0.019426386196864768,9.3851171875,0.41815343365073204,0.38995437014847995
6050016,182812,435.8071276983495,0.0,0.78275088,9585.15,2000000,13431.095692634583,0.017760375661309807,9.3726953125,0.411219857186079,0.3391298578679562
6060000,183124,434.96682781461425,0.0,0.7833000000000001,9644.7,2000000,13454.04916715622,0.016589712048880757,9.3373828125,0.4000007423758507,0.3004196075629443
6070016,183437,435.46609098412375,0.0,0.78385088,9567.3,2000000,13477.049809932709,0.017467293976806103,9.32421875,0.4045246885716915,0.3928843535296619
6080000,183749,435.83153878115047,0.0,0.7844,9567.3,2000000,13499.957743644714,0.017111409234348684,9.3148046875,0.4034256272017956,0.40723380122333763
6090016,184062,435.91332471699377,0.0,0.78495088,9647.2,2000000,13522.950471401215,0.018175074784085154,9.3903515625,0.4126371946930885,inf
6100000,184374,435.2857578467336,0.0,0.7855000000000001,9599.7,2000000,13545.871445178986,0.019100475369486957,9.41234375,0.41210481241345404,0.414962546993047
6110016,184687,434.56506556954326,0.0,0.7860508800000001,9674.95,2000000,13568.919777393341,0.018230968408752234,9.4846484375,0.41476418778300284,inf
6120000,184999,434.5933055853624,0.0,0.7866,10002.35,2000000,13591.892979860306,0.017763442668365315,9.3545703125,0.40634899407625197,0.3601756374305114
6130016,185312,435.05494487331765,0.0,0.78715088,10002.35,2000000,13614.915359258652,0.017946858565555886,9.417734375,0.4072792063653469,0.3858302379772067
6140000,185624,434.84744489997905,0.0,0.7877000000000001,9990.9,2000000,13637.875135421753,0.017311398615129293,9.451875,0.4029858647286892,0.35285077909007667
6150016,185937,435.0372438507248,0.0,0.7882508800000001,9837.6,2000000,13660.898451566696,0.01846756358165294,9.51375,0.41483957931399346,0.341253646183759
6160000,186249,434.96517422691863,0.0,0.7888000000000001,9827.45,2000000,13683.852013349533,0.018675216609844936,9.48234375,0.41441098421812056,0.36110067130997775
6170016,186562,435.26929152563633,0.0,0.78935088,9886.85,2000000,13706.863055467606,0.01627857657847926,9.42765625,0.40046258181333544,0.3262071241252124
6180000,186874,435.73461246146644,0.0,0.7899,9833.2,2000000,13729.776084899902,0.016739367116242646,9.385859375,0.3991393534839153,0.33733199729584157
6190016,187187,435.9046584325561,0.0,0.7904508800000001,9824.15,2000000,13752.753586530685,0.017378647818695754,9.401640625,0.39489033684134484,0.332033720780164
6200000,187499,435.417247519422,0.0,0.791,10014.35,2000000,13775.683316707611,0.016729937540367244,9.43734375,0.39159354627132414,0.3973368610441685
6210016,187812,433.5664228527273,0.0,0.7915508800000001,9947.15,2000000,13798.7847366333,0.016340244597522542,9.51625,0.3838622407615185,0.3415613863058388
6220000,188124,435.77484618452564,0.0,0.7921,9732.35,2000000,13821.695650577545,0.01723592100897804,9.4640625,0.3963436961174011,0.38039226768538353
6230016,188437,434.9192303085348,0.0,0.7926508800000001,9992.2,2000000,13844.725214004517,0.017298483341000974,9.406015625,0.4038344305753708,0.36268248038366435
6240000,188749,435.22931570470865,0.0,0.7932,9981.15,2000000,13867.664845228195,0.016019735201261938,9.338359375,0.3959028007090092,inf
6250016,189062,436.5105215287868,0.0,0.79375088,10384.75,2000000,13890.610454797745,0.016568620568141342,9.315546875,0.40092007592320444,0.3750211323890835
6260000,189374,206.7294553836438,0.0,0.7943,10273.9,2000000,13938.905459403992,0.01660931102000177,9.360234375,0.39874462842941283,0.34446621092036367
6270016,189687,435.7793569695374,0.0,0.79485088,10077.95,2000000,13961.88956785202,0.016642349851317705,9.292109375,0.40453212708234787,0.4185568802058697
6280000,189999,434.9136572626317,0.0,0.7954000000000001,10015.55,2000000,13984.845848560333,0.01787297907983884,9.41140625,0.410328321903944,0.4106751694343984
6290016,190312,435.3475108412908,0.0,0.7959508800000001,10072.25,2000000,14007.852756261826,0.017638062431942672,9.4806640625,0.41364613339304923,0.33666641848161816
6300000,190624,436.01300886037865,0.0,0.7965,9946.8,2000000,14030.751155614853,0.01756666601635516,9.5074609375,0.4037392540276051,inf
6310016,190937,435.7299181909346,0.0,0.79705088,9772.3,2000000,14053.7378718853,0.016776518488768488,9.6066015625,0.4131742338836193,0.34642891282215715
6320000,191249,434.837023291243,0.0,0.7976000000000001,9830.3,2000000,14076.698198318481,0.017799273908603936,9.6078515625,0.4104209931194782,0.3969088770635426
6330016,191562,436.179016661616,0.0,0.7981508800000001,9685.0,2000000,14099.661247015,0.017064414691412823,9.716640625,0.4099951735138893,0.3475277651939541
6340000,191874,436.6640891736356,0.0,0.7987,9685.0,2000000,14122.525504112244,0.016891962899826467,9.6680078125,0.4072298587858677,0.41897914186120033
6350016,192187,436.204628067979,0.0,0.79925088,9730.55,2000000,14145.487204551697,0.01607746248366311,9.631328125,0.40334630504250524,inf
6360000,192499,434.8175721620436,0.0,0.7998000000000001,9291.0,2000000,14168.448558092117,0.015430611425545067,9.5965625,0.39476375073194503,0.2962213345617056
6370016,192812,435.9095071671892,0.0,0.80035088,9427.8,2000000,14191.425804138184,0.016292244459036737,9.5887109375,0.3987384897470474,0.3394031358882785
6380000,193124,435.8840220586656,0.0,0.8009000000000001,9416.25,2000000,14214.330979585648,0.016594766690395772,9.608046875,0.4027620252966881,0.3494171508029103
6390016,193437,436.33089481209703,0.0,0.80145088,9402.5,2000000,14237.286035299301,0.01677804147126153,9.6026171875,0.4068583038449287,0.34176626563072204
6400000,193749,436.0021409077193,0.0,0.802,9464.7,2000000,14260.185005426407,0.017356808985350653,9.5501171875,0.4069663521647453,0.38180936051532627
6410016,194062,435.449787292706,0.0,0.8025508800000001,9386.1,2000000,14283.186509370804,0.01739078187267296,9.6682421875,0.42691305935382845,0.39866042320616546
6420000,194374,435.2361100641137,0.0,0.8031,9475.95,2000000,14306.125782489777,0.01855920319154393,9.7919921875,0.43920096933841707,0.49131388356909156
6430016,194687,436.1266709595387,0.0,0.80365088,9655.0,2000000,14329.091587305069,0.0176193746807985,9.88640625,0.43051916524767875,0.34978525452315806
6440000,194999,434.7815822290118,0.0,0.8042,9655.0,2000000,14352.054841518402,0.018480758832301946,9.838359375,0.4286212994158268,0.3740604271367192
6450016,195312,435.7631202147005,0.0,0.8047508800000001,9720.45,2000000,14375.039806365967,0.018007773322751747,9.83921875,0.4346170574426651,0.35741446280386296
6460000,195624,435.7074329442182,0.0,0.8053000000000001,9597.3,2000000,14397.954265117645,0.01806178587721661,9.8264453125,0.42754162892699243,0.3586982393823564
6470016,195937,435.7995777603581,0.0,0.8058508799999999,9501.7,2000000,14420.93730711937,0.01863755824393593,9.866328125,0.4406613364815712,0.45628773207776246
6480000,196249,435.6773558132232,0.0,0.8064,9098.9,2000000,14443.85334777832,0.017785748143214732,9.9048046875,0.4397582229971886,0.35999566005542877
6490016,196562,435.9093443347981,0.0,0.80695088,8982.7,2000000,14466.830602407455,0.017945962791563942,9.9295703125,0.4311501002311707,0.35286431552842257
6500000,196874,436.35941453133006,0.0,0.8075000000000001,8982.7,2000000,14489.711823701859,0.01712349513079971,9.973828125,0.43366448387503626,0.36291652884334324
6510016,197187,99.10786035125844,0.0,0.80805088,9136.95,2000000,14590.772434473038,0.0179266467038542,9.94984375,0.43333993434906004,0.3329430128447711
6520000,197499,445.6344843249441,0.0,0.8086,8898.5,2000000,14613.17644572258,0.01742846711073071,9.8296875,0.4377336668968201,0.35384362866170704
6530016,197812,446.00721091626434,0.0,0.80915088,8955.1,2000000,14635.633481740952,0.01730194700183347,9.915234375,0.42514701187610626,0.3498673363402486
6540000,198124,444.73151155744677,0.0,0.8097000000000001,8847.9,2000000,14658.082981586456,0.017269414295442403,9.9509765625,0.42933929786086084,0.39285195849835874
6550016,198437,446.13998960936107,0.0,0.81025088,8847.9,2000000,14680.5333340168,0.01580733760027215,9.8412109375,0.40409702315926554,inf
6560000,198749,446.05094275284205,0.0,0.8108000000000001,8830.45,2000000,14702.916427612305,0.017075885300291704,9.84625,0.4269821974635124,0.3736178800929338
6570016,199062,434.2364046965586,0.0,0.81135088,8886.45,2000000,14725.982204437256,0.01689701629104093,9.90171875,0.42685845926404,0.3833798090368509
6580000,199374,430.99640258003785,0.0,0.8119000000000001,8888.85,2000000,14749.147130966187,0.017401536013931036,9.8539453125,0.4314367501437664,0.377752251829952
6590016,199687,423.8259096804259,0.0,0.8124508800000001,8867.65,2000000,14772.779475688934,0.017600608223583548,9.792578125,0.42752629369497297,0.3892834213376045
6600000,199999,426.5855696650342,0.0,0.8130000000000001,8857.95,2000000,14796.18392419815,0.016329013763461263,9.7144921875,0.41602396294474603,0.35006351048126816
6610016,200312,426.42354605641685,0.0,0.81355088,8792.3,2000000,14819.672308206558,0.016739539701957254,9.7137109375,0.41696221455931665,0.26947869401425123
6620000,200624,440.2421509907746,0.0,0.8141,8657.85,2000000,14842.350736379623,0.015733102159574627,9.72921875,0.410474746376276,inf
6630016,200937,441.4170732773177,0.0,0.8146508800000001,8657.85,2000000,14865.041295051575,0.015682142046280205,9.7219140625,0.415289648771286,0.2950437977630645
6640000,201249,437.9321334381698,0.0,0.8152,8767.35,2000000,14887.839348077774,0.0159659397858195,9.74203125,0.42347676381468774,0.34236953146755694
6650016,201562,433.2483714802137,0.0,0.81575088,8908.4,2000000,14910.957726955414,0.015367350715678185,9.7091015625,0.4088128876686096,0.24866045467555523
6660000,201874,428.78637789842395,0.0,0.8163,8908.4,2000000,14934.242048740387,0.016615041098557413,9.7233984375,0.4242778816819191,0.3254835197888315
6670016,202187,386.6627579964976,0.0,0.8168508800000001,8882.75,2000000,14960.145758867264,0.017276422916911543,9.6795703125,0.4262784706056118,0.33963819399476053
6680000,202499,429.2181296148635,0.0,0.8174000000000001,8438.95,2000000,14983.406658887863,0.01618982647662051,9.655078125,0.4203962503373623,0.32145504688844084
6690016,202812,435.63022050183866,0.0,0.81795088,8649.0,2000000,15006.398635864258,0.017830287877004594,9.68140625,0.43704707995057107,0.3663910188525915
6700000,203124,439.5751785483181,0.0,0.8185,8649.0,2000000,15029.111474275589,0.016729133683256805,9.752578125,0.4355528694391251,0.34037530556321144
6710016,203437,436.2534633817503,0.0,0.81905088,8649.0,2000000,15052.07060432434,0.017577982370276003,9.766015625,0.4457127623260021,0.3598137834481895
6720000,203749,442.87526925688843,0.0,0.8196000000000001,8585.85,2000000,15074.614197731018,0.016770900634583086,9.73375,0.4273448245972395,0.3631415375880897
6730016,204062,431.6428190830659,0.0,0.82015088,8344.8,2000000,15097.818568468094,0.01657639452489093,9.8038671875,0.4274694658815861,0.41614964000880716
6740000,204374,436.4237730579308,0.0,0.8207,8254.6,2000000,15120.695415735245,0.016692624868592246,9.8437109375,0.42798078775405884,0.3186916806455702
6750016,204687,442.00519300076263,0.0,0.82125088,8383.55,2000000,15143.355782985687,0.015277196784736588,9.826953125,0.4109603314101696,0.2959567691478878
6760000,204999,82.0084371968393,0.0,0.8218000000000001,8596.9,2000000,15265.099354028702,0.01637612493825145,9.9050390625,0.4226291394233704,0.2822037748619914
6770016,205312,434.5435927446641,0.0,0.82235088,8238.35,2000000,15288.14882516861,0.016509755733422934,9.82765625,0.42621356293559076,0.3445829650852829
6780000,205624,434.67557476950145,0.0,0.8229000000000001,8270.05,2000000,15311.117679595947,0.015212794335093349,9.8623046875,0.4083429276943207,0.2902265546284616
6790016,205937,438.97988900337225,0.0,0.82345088,8283.7,2000000,15333.93421459198,0.015818537345621733,9.7960546875,0.41356477200984954,0.33245004441589115
6800000,206249,441.26182433950737,0.0,0.8240000000000001,8230.45,2000000,15356.560237169266,0.016050618293229492,9.7191796875,0.4232798786461353,inf
6810016,206562,443.4929429395936,0.0,0.8245508800000001,8230.45,2000000,15379.144587516785,0.015922395458910613,9.7171875,0.4145277026295662,0.39248921420425176
6820000,206874,442.5493762205769,0.0,0.8251000000000001,8244.0,2000000,15401.704782009125,0.01482251837151125,9.7008984375,0.4081703080236912,0.3030211952701211
6830016,207187,436.56745986705994,0.0,0.82565088,8465.5,2000000,15424.64739894867,0.015487918078433723,9.626796875,0.41667264580726626,0.3703050714358687
6840000,207499,428.17348907479436,0.0,0.8262,8838.75,2000000,15447.965049982071,0.01625978950993158,9.67953125,0.42644408136606216,0.38376372326165437
6850016,207812,427.1548445669762,0.0,0.8267508800000001,8614.9,2000000,15471.413221359253,0.014789110790006816,9.67484375,0.4134312868118286,0.2905590492114425
6860000,208124,434.461041880916,0.0,0.8273000000000001,8499.0,2000000,15494.393417596817,0.015929107597330586,9.633046875,0.42245162680745124,0.33124307308346035
6870016,208437,444.30759759703733,0.0,0.82785088,8506.1,2000000,15516.936358690262,0.015983055944088845,9.605703125,0.4178111484646797,0.34565471794456243
6880000,208749,443.1776884791211,0.0,0.8284,8633.35,2000000,15539.46456861496,0.01648836028529331,9.6441015625,0.4329826629161835,0.3438077290449291
6890016,209062,438.80113962132754,0.0,0.8289508800000001,8651.1,2000000,15562.29039812088,0.016404180640820415,9.7311328125,0.42686590731143953,0.3502012552320957
6900000,209374,441.4811962658827,0.0,0.8295,8494.2,2000000,15584.90517783165,0.015283437053440138,9.8098046875,0.4264735274016857,0.3181582733988762
6910016,209687,441.35848277019176,0.0,0.83005088,8385.95,2000000,15607.59874868393,0.017908441773615776,9.7996484375,0.4461548301577568,0.39634832222014665
6920000,209999,441.3290883635853,0.0,0.8306,8155.65,2000000,15630.221322774887,0.017009850468020886,9.77375,0.43340840205550196,0.359965183576569
6930016,210312,440.5774027360924,0.0,0.83115088,8206.65,2000000,15652.955126047134,0.015448843889171258,9.74546875,0.41480456992983816,inf
6940000,210624,438.1373967278189,0.0,0.8317,8384.45,2000000,15675.742498397827,0.015427636713720858,9.6538671875,0.4282721872627735,0.2920249928534031
6950016,210937,440.13942578572573,0.0,0.83225088,8317.9,2000000,15698.498923778534,0.014836231148801744,9.5387890625,0.4095216976106167,0.29619945522397756
6960000,211249,422.0202193932295,0.0,0.8328,8248.15,2000000,15722.156558036804,0.01610249050660059,9.55953125,0.4274110586941242,0.3044259885698557
6970016,211562,440.7586707105528,0.0,0.83335088,8248.15,2000000,15744.881011724472,0.015380639341892675,9.4650390625,0.4126310446858406,0.3088947741594166
6980000,211874,433.0011119634911,0.0,0.8339000000000001,8239.2,2000000,15767.938689231873,0.01522232787217945,9.443046875,0.41957829184830187,0.272493987865746
6990016,212187,429.9279740052202,0.0,0.8344508800000001,8313.7,2000000,15791.235614776611,0.014854142266558483,9.429609375,0.4156852774322033,0.21930230199359357
7000000,212499,425.725244937543,0.0,0.835,8381.6,2000000,15814.687360048294,0.01652127311332151,9.4987890625,0.44054046750068665,inf
7010016,212812,103.92641193023681,0.0,0.83555088,8182.0,2000000,15911.063245773315,0.015238374946638942,9.4531640625,0.4226826176047325,0.2851044229976833
7020000,213124,411.37261015633254,0.0,0.8361000000000001,8047.6,2000000,15935.333213567734,0.015385150839574636,9.371953125,0.416274089962244,0.2911429660022259
7030016,213437,441.7940584662149,0.0,0.8366508800000001,8047.6,2000000,15958.004410266876,0.014648791789077222,9.3646484375,0.4168645313382149,0.292125629298389
7040000,213749,441.5167351628846,0.0,0.8371999999999999,7954.35,2000000,15980.617369651794,0.015406738559249789,9.361953125,0.42687741577625277,0.3293421734124422
7050016,214062,439.7145378730148,0.0,0.83775088,7926.55,2000000,16003.395784139633,0.014767386761959642,9.463671875,0.4177395911514759,0.33748331835493445
7060000,214374,442.2986442408901,0.0,0.8383,7923.4,2000000,16025.968767642975,0.01491402846062556,9.50234375,0.4128312711417675,0.30632735005579886
7070016,214687,444.10391990672855,0.0,0.8388508800000001,8039.9,2000000,16048.522047519684,0.014644534019753337,9.49578125,0.4117192603647709,0.27738589017651977
7080000,214999,445.45657518856837,0.0,0.8394,7909.25,2000000,16070.9350066185,0.014808862977661192,9.544609375,0.40984197035431863,0.3180309867672622
7090016,215312,224.79536571521308,0.0,0.8399508800000001,7909.25,2000000,16115.491085290909,0.015144197675399483,9.4508984375,0.4173831932246685,0.3681765766069293
7100000,215624,440.89432729176065,0.0,0.8405,7989.25,2000000,16138.135967254639,0.013955339840613305,9.380234375,0.4059330777823925,0.2572727955505252
7110016,215937,439.0811076088452,0.0,0.8410508800000001,7908.45,2000000,16160.947242498398,0.014962892006151378,9.3434375,0.4161072926223278,0.3092242106888443
7120000,216249,442.2317381969442,0.0,0.8416,7890.95,2000000,16183.523641109467,0.014497780599631369,9.2922265625,0.4130944399535656,0.25659961758181454
7130016,216562,444.45091890139906,0.0,0.84215088,7961.45,2000000,16206.059312820435,0.014995938935317098,9.291171875,0.41548602283000946,0.28082289041019975
7140000,216874,445.6832362173462,0.0,0.8427,7967.5,2000000,16228.460873365402,0.014696948144119234,9.288359375,0.4154439759254456,0.26468489166349174
7150016,217187,446.20642993401714,0.0,0.84325088,7967.5,2000000,16250.907882928848,0.014733227469259874,9.2538671875,0.4089742213487625,0.30744723353534936
7160000,217499,445.87183697699504,0.0,0.8438000000000001,7967.5,2000000,16273.299967765808,0.015322790105710738,9.2519921875,0.4217094242572784,0.2988126546423882
7170016,217812,445.8635751870211,0.0,0.84435088,8072.95,2000000,16295.764238357544,0.01360746655613184,9.25125,0.4074127238988876,0.2509689590707421
7180000,218124,446.80007764492484,0.0,0.8449,7883.8,2000000,16318.10980296135,0.014054554612375796,9.2703515625,0.4096850846707821,0.2521864176634699
7190016,218437,446.3976634645124,0.0,0.84545088,7924.85,2000000,16340.547196388245,0.014288498042151331,9.3614453125,0.4021872615814209,0.25552028298377993
7200000,218749,445.53783733858774,0.0,0.8460000000000001,7910.4,2000000,16362.956067562103,0.014191478383727371,9.35984375,0.41443393915891646,0.25264398072846234
7210016,219062,446.69076063362405,0.0,0.8465508800000001,7910.4,2000000,16385.37873864174,0.014134982428513467,9.3627734375,0.40899589374661444,0.27241538701578977
7220000,219374,446.3476203533741,0.0,0.8471,7842.55,2000000,16407.74695467949,0.013810641397722066,9.4480078125,0.40436257898807526,0.2826974535640329
7230016,219687,447.15564370530393,0.0,0.84765088,7669.35,2000000,16430.146314144135,0.01462651889771223,9.4722265625,0.41678150549530985,0.2927013788372278
7240000,219999,446.30344625779765,0.0,0.8482000000000001,7638.0,2000000,16452.51674413681,0.015031224954873324,9.4662109375,0.4262512215971947,0.26365836593322456
7250016,220312,445.2605249633724,0.0,0.8487508800000001,7908.2,2000000,16475.011439800262,0.014540448577608913,9.357109375,0.4230603675544262,0.2784050700813532
7260000,220624,117.48604909368956,0.0,0.8493,8112.35,2000000,16559.991742372513,0.014514707920607179,9.302734375,0.4264455918967724,0.29966375045478344
7270016,220937,446.66680003892293,0.0,0.84985088,8162.75,2000000,16582.41561627388,0.013617396923946217,9.2296484375,0.41438264429569244,0.26281502628698944
7280000,221249,446.65064778582945,0.0,0.8504,8127.45,2000000,16604.768656730652,0.01392855677753687,9.230859375,0.4262669822573662,0.2424464938696474
7290016,221562,446.6310942615465,0.0,0.8509508800000001,8122.2,2000000,16627.194323301315,0.014380177714629098,9.1784375,0.42213507756590846,inf
7300000,221874,446.7131029875412,0.0,0.8515,8122.2,2000000,16649.544238567352,0.01518502666382119,9.1473828125,0.4250331026315689,0.3236646977625787
7310016,222187,446.6909268707129,0.0,0.8520508800000001,8085.7,2000000,16671.966901302338,0.014672969006933273,9.2235546875,0.42952056378126147,0.2592525176145136
7320000,222499,446.4596646282367,0.0,0.8526,8238.35,2000000,16694.329503774643,0.015088533512316643,9.21703125,0.4230167117714882,0.2972880235593766
7330016,222812,445.72683236102415,0.0,0.8531508800000001,7974.5,2000000,16716.800666093826,0.013914681767346337,9.3590234375,0.42099666893482207,0.2594161925185472
7340000,223124,447.1565324865265,0.0,0.8537,7838.1,2000000,16739.12841773033,0.013856532499194146,9.32859375,0.4137743639200926,0.2734509268309921
7350016,223437,446.1829335473361,0.0,0.85425088,7729.1,2000000,16761.576609373093,0.014005648945458233,9.2780859375,0.40839866258203983,0.29845150461420417
7360000,223749,446.50621201349566,0.0,0.8548,7687.9,2000000,16783.93688058853,0.013868317934684455,9.296640625,0.40815069161355494,0.2661573251523077
7370016,224062,445.10688104616383,0.0,0.85535088,7741.8,2000000,16806.439341068268,0.013225588161731139,9.340859375,0.4144454005360603,0.23179552044719456
7380000,224374,440.6045140067717,0.0,0.8559000000000001,7700.95,2000000,16829.09911799431,0.013520019170828164,9.289765625,0.40929952934384345,0.2744544608518481
7390016,224687,446.8676118278513,0.0,0.8564508800000001,7572.4,2000000,16851.51291513443,0.013798079420812428,9.2054296875,0.4078007338941097,0.2825489601306617
7400000,224999,446.297481569736,0.0,0.857,7696.5,2000000,16873.883644104004,0.013936678258469328,9.1665234375,0.40970884159207344,0.2793438670411706
7410016,225312,445.29919324177075,0.0,0.85755088,7696.5,2000000,16896.376386404037,0.012942583372350783,9.250078125,0.40398848071694377,0.26934030110016466
7420000,225624,446.1533026010239,0.0,0.8581000000000001,7696.5,2000000,16918.754344701767,0.013447271442273631,9.267265625,0.40352801471948624,inf
7430016,225937,446.1863455354228,0.0,0.8586508800000001,7696.5,2000000,16941.20236468315,0.013636244322406128,9.318203125,0.42070288464426997,0.2583082685153931
7440000,226249,447.26828582481363,0.0,0.8592,7868.95,2000000,16963.524537563324,0.014169343832181767,9.294609375,0.4158666455745697,0.2566771868057549
7450016,226562,446.8328244676066,0.0,0.85975088,7868.95,2000000,16985.940079689026,0.013949316820362583,9.2697265625,0.41501501351594927,0.2531381163094193
7460000,226874,447.08644948951496,0.0,0.8603000000000001,8111.55,2000000,17008.271331310272,0.01363689275109209,9.2840625,0.41691375240683554,0.27192915472202
7470016,227187,447.13435062405995,0.0,0.8608508800000001,8111.55,2000000,17030.67175745964,0.013020790447480977,9.3195703125,0.410118697732687,0.2433986739255488
7480000,227499,446.9831600984321,0.0,0.8614,8045.15,2000000,17053.008169412613,0.013955988276284187,9.4167578125,0.418086348772049,0.2765051354467869
7490016,227812,442.9701784801822,0.0,0.8619508800000001,8235.65,2000000,17075.61917233467,0.01365980286966078,9.3950390625,0.41734370052814485,0.2542215944826603
7500000,228124,442.7209730726123,0.0,0.8625,8285.05,2000000,17098.170622587204,0.014366548135876655,9.3440234375,0.4118151693046093,inf
7510016,228437,61.73399691183571,0.0,0.8630508800000001,8431.5,2000000,17260.415098905563,0.012579702623188495,9.35390625,0.3952982179820538,0.22334127707406878
7520000,228749,445.13737309947174,0.0,0.8636,8607.25,2000000,17282.844130039215,0.013301450544968247,9.36125,0.40558566570281984,0.23584672227501868
7530016,229062,445.48842148836803,0.0,0.8641508800000001,8640.45,2000000,17305.32731819153,0.013455472654895858,9.3326953125,0.4109439779818058,0.2928081985283643
7540000,229374,445.758236966005,0.0,0.8647,8762.95,2000000,17327.72510957718,0.013589622484287247,9.3279296875,0.40691749200224875,0.23781773100607098
7550016,229687,446.32575090083964,0.0,0.86525088,8856.4,2000000,17350.16611814499,0.013089475021697581,9.2509765625,0.40890823796391484,0.2862891138996929
7560000,229999,446.00527402423353,0.0,0.8658000000000001,8856.4,2000000,17372.551503658295,0.013754900528583676,9.2869140625,0.4100527638196945,0.26986248614266517
7570016,230312,443.30566772465903,0.0,0.8663508800000002,9015.2,2000000,17395.145394802094,0.012966410358203576,9.1633203125,0.39421138003468514,inf
7580000,230624,438.2025743009966,0.0,0.8669,8975.35,2000000,17417.929377794266,0.012207372532575391,9.1916796875,0.39713759645819663,0.2643943843431771
7590016,230937,444.86182614168894,0.0,0.86745088,8975.35,2000000,17440.444233894348,0.012305554179474711,9.1377734375,0.38935275599360464,0.2855066942796111
7600000,231249,446.0235584458352,0.0,0.8680000000000001,8864.85,2000000,17462.828701734543,0.012439221745589748,9.1470703125,0.3957842323184013,0.2819557653926313
7610016,231562,445.68426932232586,0.0,0.86855088,8864.85,2000000,17485.302010059357,0.012507401410257444,9.1932421875,0.3985149198770523,0.21752557979896664
7620000,231874,445.68968256701675,0.0,0.8691,8864.85,2000000,17507.703246593475,0.012705223610391841,9.2303515625,0.3999827055633068,0.23396586986258627
7630016,232187,446.38264162722163,0.0,0.86965088,9017.95,2000000,17530.14139509201,0.012950835601659492,9.2492578125,0.4034470055997372,0.2551546445675194
7640000,232499,445.20314495778064,0.0,0.8702000000000001,9135.9,2000000,17552.56711268425,0.013942117698024958,9.33,0.42509633019566534,0.2882548034796491
7650016,232812,446.1463953745116,0.0,0.87075088,9387.4,2000000,17575.017142772675,0.013537442744127475,9.312734375,0.41424252822995183,0.20831412103027105
7660000,233124,445.64736964763733,0.0,0.8713000000000001,9928.6,2000000,17597.420506238937,0.012853104678215458,9.27796875,0.4124550703167915,0.23543983271345495
7670016,233437,445.7142815431654,0.0,0.87185088,9915.75,2000000,17619.89230132103,0.013521899414481595,9.341953125,0.4234538844227791,0.3003466698061675
7680000,233749,446.4083871016504,0.0,0.8724000000000001,9986.35,2000000,17642.257472515106,0.013248954562004655,9.2909375,0.4109890195727348,0.31670148521661756
7690016,234062,444.63921496531117,0.0,0.8729508800000001,10143.55,2000000,17664.78360080719,0.013272528290981427,9.3322265625,0.4213224315643311,0.2779227519687265
7700000,234374,446.4790240768762,0.0,0.8735,10143.55,2000000,17687.145233631134,0.01337143526878208,9.4396875,0.42420762315392496,0.21923744341358542
7710016,234687,445.8475340983007,0.0,0.87405088,10348.75,2000000,17709.610312461853,0.013118552615633234,9.396015625,0.4256075228750706,0.21818962470628323
7720000,234999,445.60171713365895,0.0,0.8746,10499.6,2000000,17732.015971183777,0.013185595967806876,9.3966796875,0.41809745028615,0.2632855377998203
7730016,235312,446.92025708089767,0.0,0.8751508800000001,10499.6,2000000,17754.427128076553,0.013310745492344723,9.3248828125,0.4239613731205463,inf
7740000,235624,446.3590577600187,0.0,0.8757,10431.25,2000000,17776.79477095604,0.012692467616871,9.2815234375,0.42521360486745835,0.2301175278890878
7750016,235937,445.29309025864984,0.0,0.87625088,10431.25,2000000,17799.287821531296,0.013307354014832526,9.3406640625,0.4287277651578188,0.2887688625790179
7760000,236249,93.96976545425723,0.0,0.8768,10497.45,2000000,17905.534761190414,0.01270110949059017,9.34734375,0.4176638004183769,0.24289672249928118
7770016,236562,446.12154089643053,0.0,0.87735088,10603.5,2000000,17927.986042022705,0.013269308253657073,9.4738671875,0.4285978376865387,0.2719724127743393
7780000,236874,445.3049644949631,0.0,0.8779000000000001,10688.3,2000000,17950.406631946564,0.013067163183586672,9.4883984375,0.42955345451831817,0.23670354852452874
7790016,237187,444.5280328849267,0.0,0.87845088,10894.35,2000000,17972.93839430809,0.013117493800236843,9.55078125,0.43274772316217425,0.28544083090499045
7800000,237499,439.2428619587249,0.0,0.879,10873.9,2000000,17995.66841650009,0.01412630761449691,9.554296875,0.4394631205499172,inf
7810016,237812,442.75367426018323,0.0,0.87955088,10939.85,2000000,18018.290476083755,0.0134883302252274,9.6026953125,0.4300058487057686,0.26905747171491384
7820000,238124,437.60324671294643,0.0,0.8801000000000001,10939.85,2000000,18041.10566329956,0.013808614037698135,9.600078125,0.4384486624598503,0.24746076771989464
7830016,238437,439.76983384756875,0.0,0.88065088,11097.8,2000000,18063.88121366501,0.013049808966461568,9.615234375,0.4254160390794277,0.2689898499287665
7840000,238749,429.8082457999764,0.0,0.8812,11097.8,2000000,18087.1101770401,0.013534321690094657,9.5545703125,0.4296975803375244,0.24507287390530108
7850016,239062,434.1022454207826,0.0,0.88175088,11097.8,2000000,18110.183082342148,0.012733925067586825,9.579609375,0.4190791755914688,0.27456675632856786
7860000,239374,474.7644485012204,0.0,0.8823000000000001,11097.8,2000000,18131.212458133698,0.01294988113513682,9.5808203125,0.4199221980571747,0.2327531386911869
7870016,239687,455.3835446346323,0.0,0.88285088,11167.65,2000000,18153.207104444504,0.013211691718315705,9.594453125,0.43319427520036696,inf
7880000,239999,355.59894962099895,0.0,0.8834000000000001,11155.1,2000000,18181.28367781639,0.01354971829103306,9.6351953125,0.4299806176126003,0.2854011315666139
7890016,240312,355.8597234572301,0.0,0.88395088,11155.1,2000000,18209.429599761963,0.01275194262387231,9.5658984375,0.429588447958231,0.2503697414044291
7900000,240624,329.7029973575847,0.0,0.8845000000000001,11197.0,2000000,18239.71139907837,0.012611091157887132,9.5337109375,0.42532708823680876,0.2190862914547324
7910016,240937,340.9036604557042,0.0,0.8850508800000001,11387.15,2000000,18269.092133760452,0.01291961649840232,9.488515625,0.42540686160326,0.22481388008221984
7920000,241249,407.3838149537404,0.0,0.8856,11329.65,2000000,18293.599734783173,0.012337222234345973,9.5149609375,0.43005831822752955,0.21618564562872053
7930016,241562,430.58317486575714,0.0,0.88615088,11630.05,2000000,18316.861210346222,0.013131193129811435,9.5600390625,0.4361148919165134,0.2615086893271655
7940000,241874,434.36471059947166,0.0,0.8867,11476.2,2000000,18339.846503019333,0.013154348315438255,9.5528515625,0.42896624803543093,inf
7950016,242187,437.15975518432845,0.0,0.8872508800000001,11454.8,2000000,18362.75803565979,0.013241273921448738,9.4691796875,0.42988950535655024,0.23736830273643136
7960000,242499,439.6772834828882,0.0,0.8878000000000001,11286.8,2000000,18385.465599536896,0.012669865076313727,9.51421875,0.4278257940709591,0.2342438520723954
7970016,242812,441.371406218816,0.0,0.88835088,11186.0,2000000,18408.158505916595,0.013730774752330034,9.456796875,0.44120380595326425,0.258675552373752
7980000,243124,442.620588951865,0.0,0.8889,11556.95,2000000,18430.715070724487,0.012717445059679448,9.415390625,0.4453870539367199,0.24688693520613014
7990016,243437,444.0902726086207,0.0,0.88945088,11519.95,2000000,18453.269043684006,0.012859225717838853,9.345,0.43580305024981497,0.26467285986058414
8000000,243749,444.77388220930965,0.0,0.8900000000000001,11264.85,2000000,18475.716404914856,0.01325436421087943,9.3645703125,0.4387425383925438,0.2970657306257635
8010016,244062,295.50682697837635,0.0,0.89055088,11425.3,2000000,18509.610714912415,0.013171795250382274,9.271796875,0.44173935547471044,inf
8020000,244374,442.4533613916312,0.0,0.8911,11576.05,2000000,18532.175805091858,0.012335517965257168,9.2958203125,0.4391798523068428,0.22144803575240077
8030016,244687,445.68510622406967,0.0,0.89165088,11705.75,2000000,18554.649071216583,0.012476326391915791,9.4000390625,0.43907102227211,0.2377391532296315
8040000,244999,441.3167864067293,0.0,0.8922000000000001,11959.85,2000000,18577.272275924683,0.01386429401813075,9.3828125,0.4535002632439136,0.24353295039385559
8050016,245312,444.2268725957403,0.0,0.89275088,11767.8,2000000,18599.819313526154,0.013762363742571324,9.3997265625,0.4583628858625889,0.28331486424431207
8060000,245624,445.36565133142597,0.0,0.8933000000000001,12137.8,2000000,18622.23684835434,0.013577475120546295,9.4367578125,0.4529161795973778,0.23049705957528205
8070016,245937,445.8806207001356,0.0,0.89385088,12065.3,2000000,18644.700260162354,0.013283863781252877,9.496640625,0.45251001641154287,0.28813390801660715
8080000,246249,447.0810509548003,0.0,0.8944000000000001,11849.6,2000000,18667.031781435013,0.01414708744501695,9.5219140625,0.46293595656752584,inf
8090016,246562,446.8469212749777,0.0,0.8949508800000001,12229.75,2000000,18689.44661641121,0.013633241597563028,9.5151171875,0.4542795994877815,0.26154282768256965
8100000,246874,445.54969785433144,0.0,0.8955000000000001,11985.25,2000000,18711.854891061783,0.01323545943479985,9.3934765625,0.4493169194459915,0.24707715257070959
8110016,247187,446.6650856132514,0.0,0.89605088,11985.25,2000000,18734.278851032257,0.012496913628419861,9.458671875,0.4459525756537914,0.24404267721809447
8120000,247499,446.96569381093985,0.0,0.8966000000000001,11852.6,2000000,18756.616135835648,0.012983172048698179,9.5235546875,0.4494054271280766,0.2119716507475823
8130016,247812,447.9252621489034,0.0,0.8971508800000001,11804.15,2000000,18778.977009058,0.01275431170943193,9.5501171875,0.4536714008450508,0.30269288389012217
8140000,248124,446.74140607064066,0.0,0.8976999999999999,11752.95,2000000,18801.325508356094,0.013064852345269173,9.6127734375,0.455450976639986,0.2919239494763315
8150016,248437,447.45670985107444,0.0,0.89825088,11702.0,2000000,18823.7097966671,0.012818794979248196,9.5292578125,0.4425398015975952,0.28668494334444405
8160000,248749,446.81051802395683,0.0,0.8988,11676.6,2000000,18846.054839134216,0.012436158193740993,9.5272265625,0.45213903799653055,0.2588796302024275
8170016,249062,447.09751371879963,0.0,0.8993508800000001,11971.45,2000000,18868.457110881805,0.013245583536336198,9.5628125,0.45061966717243196,0.26245291688479483
8180000,249374,446.2090335911158,0.0,0.8999,12005.2,2000000,18890.832274198532,0.011953399299527519,9.61125,0.44774226263165473,0.24137792121153326
8190016,249687,447.10965242887335,0.0,0.9004508800000001,11964.0,2000000,18913.233937740326,0.013007854904280976,9.65765625,0.4478426253050566,0.25373077009804546
8200000,249999,447.54183678756345,0.0,0.901,11741.0,2000000,18935.542466640472,0.013146673898445442,9.655,0.453102245926857,0.2523892099224031
8210016,250312,447.30938146488734,0.0,0.90155088,11296.85,2000000,18957.9341275692,0.012743235162924976,9.62,0.4535505798459053,inf
8220000,250624,446.95596175456996,0.0,0.9021,11032.45,2000000,18980.27189874649,0.012499369680299424,9.54734375,0.44694813922047616,0.2308170724613592
8230016,250937,447.86843593084023,0.0,0.90265088,11146.35,2000000,19002.635609149933,0.013039169025141746,9.5163671875,0.45204679280519483,0.256744801402092
8240000,251249,447.5587741259943,0.0,0.9032,10805.95,2000000,19024.94329380989,0.013134386766760145,9.4825,0.4588568435609341,0.2681380216474645
8250016,251562,447.66654733907245,0.0,0.90375088,10805.95,2000000,19047.317089796066,0.012534539772896097,9.410546875,0.4568704481422901,0.258016353668645
8260000,251874,118.0121817313934,0.0,0.9043000000000001,10461.85,2000000,19131.918525457382,0.012171436556382104,9.300078125,0.43873640567064287,0.2047579888533801
8270016,252187,446.6637891172588,0.0,0.90485088,10554.2,2000000,19154.34255051613,0.01221274032141082,9.2480859375,0.4441628748178482,0.21501162064261733
8280000,252499,447.6216462513512,0.0,0.9054,10498.6,2000000,19176.64710187912,0.012136093858862296,9.300625,0.4574090780317783,inf
8290016,252812,447.37947696040067,0.0,0.90595088,10460.0,2000000,19199.035254478455,0.013303457925794647,9.3816015625,0.4601138527691364,0.28171983228996395
8300000,253124,447.76998861732517,0.0,0.9065000000000001,10497.5,2000000,19221.332416534424,0.012356781776761637,9.3519921875,0.4349040049314499,0.2801741644181311
8310016,253437,448.01137418038655,0.0,0.9070508800000001,10395.0,2000000,19243.68899178505,0.012091472691390664,9.28,0.43589468851685526,0.22673820481635631
8320000,253749,446.04059485228726,0.0,0.9076,10227.3,2000000,19266.07260465622,0.01155584437190555,9.20171875,0.428215484470129,0.20200229067355394
8330016,254062,447.6236846026352,0.0,0.90815088,10177.6,2000000,19288.448543071747,0.012062710048630833,9.3012890625,0.4399119932949543,0.22311946323141454
8340000,254374,446.5908247638326,0.0,0.9087000000000001,10140.05,2000000,19310.804577827454,0.012121630893088877,9.328984375,0.44366012409329414,0.20068379645235837
8350016,254687,448.0946324725062,0.0,0.9092508800000001,10024.35,2000000,19333.156999111176,0.012827928951010108,9.3107421875,0.4452106960117817,inf
8360000,254999,447.227979600706,0.0,0.9098,9898.9,2000000,19355.48118376732,0.012809772456530482,9.3576953125,0.460371038466692,0.26424399053677916
8370016,255312,448.3690211894542,0.0,0.91035088,9969.45,2000000,19377.819926023483,0.012151128190453164,9.4041796875,0.46058146208524703,0.24352679133415223
8380000,255624,447.90756343264917,0.0,0.9109,9969.45,2000000,19400.110239505768,0.012617330468492583,9.388828125,0.4516455139219761,0.2330102409562096
8390016,255937,447.92217692690565,0.0,0.9114508800000001,10167.5,2000000,19422.47126674652,0.012215425943722949,9.37953125,0.4424312601983547,0.21116530265659095
8400000,256249,448.0368817685901,0.0,0.912,10238.9,2000000,19444.75514650345,0.012450202268082649,9.374296875,0.45693329423666,0.2519645630847663
8410016,256562,447.7420994182816,0.0,0.9125508800000001,10334.0,2000000,19467.125167131424,0.012275256100692786,9.403203125,0.4463437294960022,0.23579591299407185
8420000,256874,448.38212481824195,0.0,0.9131,10092.6,2000000,19489.391888856888,0.013008523164899088,9.3800390625,0.45189826637506486,inf
8430016,257187,447.76114056093286,0.0,0.91365088,10132.45,2000000,19511.760958194733,0.011667588467244059,9.4737890625,0.4397227211296558,0.23728907109238206
8440000,257499,447.89494948734364,0.0,0.9142,10193.05,2000000,19534.051899433136,0.011453039288753644,9.4355078125,0.4456738282740116,0.21583457925822586
8450016,257812,447.3015849070907,0.0,0.91475088,9669.05,2000000,19556.443950653076,0.011698332935920916,9.3712890625,0.4517991861701012,0.20604925095103682
8460000,258124,448.030635776696,0.0,0.9153,9609.95,2000000,19578.728141069412,0.011156888420227915,9.375546875,0.4425225034356117,0.18676591597497463
8470016,258437,448.39273403122604,0.0,0.91585088,9466.75,2000000,19601.065701961517,0.012046696164179593,9.421171875,0.45688586637377737,0.19848623335361482
8480000,258749,447.2811129247386,0.0,0.9164000000000001,9911.0,2000000,19623.387234687805,0.013533263967838138,9.3898046875,0.47274624586105346,0.26693362908437845
8490016,259062,448.37440002786934,0.0,0.9169508800000001,9746.75,2000000,19645.725708961487,0.01256829566671513,9.4131640625,0.4652743349969387,inf
8500000,259374,448.3502052124191,0.0,0.9175,9746.75,2000000,19667.994015932083,0.011994629708351568,9.2753125,0.4503352251648903,0.23630693953484297
8510016,259687,98.07475448411083,0.0,0.91805088,9781.3,2000000,19770.120195627213,0.01198144004913047,9.2020703125,0.44894517794251443,0.20719781464431436
8520000,259999,446.7367355050888,0.0,0.9186000000000001,9911.75,2000000,19792.468928575516,0.011376985537353904,9.2716796875,0.44049876272678373,0.17881280137691646
8530016,260312,446.4961771251817,0.0,0.9191508800000001,9961.15,2000000,19814.901371479034,0.011908878698013723,9.1666015625,0.45796858504414556,0.19553845386486501
8540000,260624,446.948352917472,0.0,0.9197,9971.15,2000000,19837.23952293396,0.011449464691686444,9.15515625,0.4466527377068996,0.216981223388575
8550016,260937,448.2249699409728,0.0,0.92025088,9615.95,2000000,19859.58544445038,0.012408567109378054,9.191796875,0.46522919937968255,0.19568903097882867
8560000,261249,447.7653683370747,0.0,0.9208000000000001,9732.05,2000000,19881.882836580276,0.0114194930519443,9.167265625,0.4471131666004658,0.18826619662344457
8570016,261562,448.1974398639004,0.0,0.9213508800000001,9217.65,2000000,19904.230130672455,0.011436672091949731,9.136796875,0.4445348146557808,0.19361253732815384
8580000,261874,448.17891362477053,0.0,0.9219,9217.65,2000000,19926.50694847107,0.011370272943750023,9.15328125,0.44526858761906624,0.21106452530249953
8590016,262187,447.1585613104797,0.0,0.9224508800000001,9217.65,2000000,19948.906161785126,0.012445591576397418,9.13578125,0.447020418047905,0.21154692573472858
8600000,262499,447.1698354596823,0.0,0.923,9424.1,2000000,19971.23324918747,0.011749973946716636,9.204375,0.4586331948637962,0.227066218778491
8610016,262812,447.7034446762846,0.0,0.9235508800000001,9424.1,2000000,19993.605201244354,0.011785942294518464,9.2042578125,0.44932553321123125,0.23993502222001553
8620000,263124,448.0759387458341,0.0,0.9241,9424.1,2000000,20015.887138605118,0.011831701474729926,9.2793359375,0.4452172139286995,0.21906264929566532
8630016,263437,448.3717728033034,0.0,0.9246508800000001,9444.7,2000000,20038.2257437706,0.011196633509825915,9.341640625,0.44666822001338,0.19565705835819244
8640000,263749,448.15904196975237,0.0,0.9252,9249.4,2000000,20060.503549337387,0.011218070136383176,9.4098046875,0.44480978295207024,0.1898756667226553
8650016,264062,447.73938893115627,0.0,0.92575088,9249.4,2000000,20082.873705387115,0.011778567605651914,9.4596875,0.45321967616677283,0.20384158522821963
8660000,264374,447.4379209689515,0.0,0.9263000000000001,9249.4,2000000,20105.187415361404,0.01126123204769101,9.4935546875,0.4551350951194763,0.18473183388821782
8670016,264687,448.359508043889,0.0,0.92685088,9426.15,2000000,20127.526631593704,0.011652642900589854,9.533984375,0.45496643155813216,inf
8680000,264999,447.1259854384208,0.0,0.9274,9601.05,2000000,20149.85590863228,0.011463876072666608,9.5886328125,0.45330703184008597,0.2257710939925164
8690016,265312,447.16924206923517,0.0,0.92795088,9464.15,2000000,20172.254586935043,0.011713647347642108,9.614453125,0.4671645972132683,0.24716324744746088
8700000,265624,446.4099480034321,0.0,0.9285000000000001,9465.85,2000000,20194.619679927826,0.011527472604066134,9.6057421875,0.4620605403184891,0.20033253557048739
8710016,265937,447.2232343538106,0.0,0.9290508800000001,9574.6,2000000,20217.015654087067,0.011669026378076524,9.6318359375,0.463846515417099,0.19756585356779396
8720000,266249,446.81890881918326,0.0,0.9296,9652.05,2000000,20239.360276937485,0.011742237839498557,9.61828125,0.4789547909796238,0.23385037678293885
8730016,266562,447.91875744258465,0.0,0.93015088,9401.05,2000000,20261.72147488594,0.013000825361232274,9.7153125,0.48877057954669,inf
8740000,266874,447.8881805038969,0.0,0.9307000000000001,9355.15,2000000,20284.024940252304,0.011864730530651285,9.7085546875,0.47444241389632225,0.19980973860248924
8750016,267187,447.06357546090885,0.0,0.9312508800000001,9424.35,2000000,20306.41672539711,0.011787732867524027,9.73859375,0.47662475407123567,0.20067038384731858
8760000,267499,157.39138887654113,0.0,0.9318000000000001,9424.35,2000000,20369.850945472717,0.011514608163852245,9.7689453125,0.4750484199821949,0.22389638825319708
8770016,267812,447.11105620305483,0.0,0.9323508800000001,9498.35,2000000,20392.25253868103,0.012399751422926784,9.7780078125,0.47500170588493346,0.28027608124539255
8780000,268124,446.00671810173367,0.0,0.9329000000000001,9498.35,2000000,20414.637851715088,0.011885422971099615,9.7801171875,0.46846637144684794,0.23655114812776445
8790016,268437,446.97945858435054,0.0,0.9334508800000001,9498.35,2000000,20437.046040296555,0.0120682084641885,9.868125,0.47575598761439325,0.26004055531695486
8800000,268749,447.2695517814689,0.0,0.934,9442.0,2000000,20459.368149995804,0.011704695370281116,9.8126953125,0.46288410797715185,0.22788560162298382
8810016,269062,448.2249412471048,0.0,0.9345508800000001,9726.2,2000000,20481.714072942734,0.011851727797766215,9.8378125,0.46609293594956397,0.23523344644345343
8820000,269374,448.1918553700614,0.0,0.9351,9693.45,2000000,20503.990247488022,0.011551686349557713,9.757109375,0.4638482888042927,0.24474913826212286
8830016,269687,447.30535217750315,0.0,0.9356508800000001,9693.45,2000000,20526.382110118866,0.011715631474507972,9.73265625,0.464880315810442,0.22320740515366197
8840000,269999,446.4537862000136,0.0,0.9362,9861.6,2000000,20548.745007038116,0.010997733457479626,9.72296875,0.4656329840421677,0.20460842403117568
8850016,270312,447.73037011695465,0.0,0.9367508800000001,9861.6,2000000,20571.11561369896,0.011895052462350578,9.765234375,0.4726396280527115,0.2807253530062735
8860000,270624,448.2290346668201,0.0,0.9373,10077.65,2000000,20593.38994050026,0.011475771974073724,9.7455859375,0.4717568245530128,0.26269834489561616
8870016,270937,448.01637176768025,0.0,0.93785088,10164.45,2000000,20615.74626636505,0.01134866927168332,9.7013671875,0.4672703820466995,inf
8880000,271249,448.5907726945917,0.0,0.9384000000000001,10232.5,2000000,20638.002631425858,0.010856681748991832,9.5791015625,0.4615403075516224,0.20060700174421073
8890016,271562,446.9147466705555,0.0,0.93895088,10258.5,2000000,20660.414064645767,0.011263424094067886,9.5801171875,0.4606639520823956,0.19615311078727246
8900000,271874,441.4774076495923,0.0,0.9395,10489.45,2000000,20683.02903842926,0.011766505632549525,9.4605859375,0.46532291010022164,0.17710961564444005
8910016,272187,446.5597900196356,0.0,0.94005088,10618.3,2000000,20705.458285808563,0.011298467606538907,9.427890625,0.4696932856738567,0.23253514085896312
8920000,272499,445.494041385056,0.0,0.9406000000000001,10618.3,2000000,20727.869359970093,0.010817298110341654,9.4455859375,0.45964481189846995,0.21837790590710937
8930016,272812,448.21322489136764,0.0,0.94115088,10484.8,2000000,20750.21586704254,0.010754939245525747,9.517109375,0.4509450291097164,0.2230589884426445
8940000,273124,447.623340053146,0.0,0.9417,10260.4,2000000,20772.520334005356,0.011754518782254308,9.51171875,0.47112162359058857,0.213354411306791
8950016,273437,448.3376169007379,0.0,0.94225088,10279.2,2000000,20794.860641002655,0.011549667906365357,9.5762890625,0.46282397851347923,0.2201764476718381
8960000,273749,448.0737812538423,0.0,0.9428000000000001,10368.9,2000000,20817.14268565178,0.011031748759560287,9.6166796875,0.4790478327870369,inf
8970016,274062,448.2314165897744,0.0,0.94335088,10349.25,2000000,20839.488285779953,0.010750801615649834,9.6048828125,0.45640626206994056,0.2024704207573086
8980000,274374,447.5393161467024,0.0,0.9439000000000001,10332.8,2000000,20861.79694032669,0.011398585041170008,9.6130078125,0.48035791277885437,0.1799254125356674
8990016,274687,445.7233186282648,0.0,0.94445088,10296.9,2000000,20884.26827979088,0.01150889876880683,9.589453125,0.4878669908642769,0.22863032926805318
9000000,274999,447.73232055308995,0.0,0.9450000000000001,10296.9,2000000,20906.567317724228,0.011623877090169116,9.6643359375,0.4921289883553982,0.16630604243837296
